driverId,name,ssn,location,certified,wage-plan
10,Alicia Douglas,636-69-6959,"4414 Michael Views
Tinabury, NV 58328",Y,hours
11,Rachel Booth,260-52-6967,"859 David Turnpike
Guerraside, AL 95477",N,miles
12,Catherine Murphy,052-35-9644,"7836 Warren Vista
Reedview, CA 12421",Y,miles
13,Randall Williamson,214-79-2594,"0575 Green Ville Apt. 798
Jasonside, PW 63673",N,miles
14,Taylor Mcbride,277-40-5059,"220 Zavala Club
Port Luis, GU 70649",Y,miles
15,Mark Nelson,612-44-9770,"6845 Christian Ranch Apt. 449
Lake Sean, WI 45729",N,miles
16,James Davis,083-91-7252,"91078 Steven Plain
Bryanborough, AS 21680",Y,hours
17,Leslie Bartlett,532-37-0905,"4711 Oconnor Rue Suite 093
South Melissa, IL 97042",N,miles
18,Tanner Wright,139-59-6770,"477 Tyler Walk Suite 388
Karashire, FM 68209",Y,hours
19,Jessica Hughes,535-32-5295,"39098 Wright Mountain Suite 635
Jenniferview, AS 65548",Y,miles
20,Kevin Chavez,032-19-2502,"896 Philip Cliff Suite 445
Moorehaven, PW 75103",N,hours
21,Michael Reeves,661-47-8672,"2674 Michael Springs
South Adam, AK 20540",Y,hours
22,Nancy Smith,663-40-3694,"8921 Kristine Village Apt. 678
Gatesland, WI 75116",Y,miles
23,William Wallace,894-75-5774,"88619 Waters Groves Suite 091
East Joshua, MI 80459",Y,miles
24,Kyle Watts,217-45-0184,"3278 Christopher Viaduct
Reynoldsview, HI 25250",Y,miles
25,Kristin Smith,133-02-0985,"314 John Garden
South Jenniferburgh, GA 37851",Y,hours
26,Justin Martin,241-94-7604,"577 Lucas Mission Suite 095
East Andrew, CT 00548",Y,hours
27,Jason Thornton,256-83-3891,"5387 Cook Way Apt. 804
Port Juliamouth, ND 67171",Y,hours
28,Michelle Alvarez,249-09-9841,"234 Brandon Hills Suite 270
West Chase, WY 97042",Y,hours
29,Laura Miller,824-42-2250,"4467 Jon Ferry Suite 730
Jordanside, PW 52049",Y,miles
30,Mr. James Lewis,609-81-3021,"USS Joseph
FPO AA 69223",N,miles
31,Michael Evans,603-78-4498,"101 Black Cove Apt. 204
Daughertyfort, HI 63212",Y,hours
32,Patricia Fernandez,088-18-7013,"7757 Walsh Drive
Hesterville, NJ 72580",Y,miles
33,April Spence,091-53-7478,"908 Holt Manors
West Christopher, AL 72396",N,miles
34,Diana Koch,059-72-7844,"871 Tammy Loaf Apt. 246
New Amytown, MD 33454",Y,hours
35,Andrea Schwartz,778-72-5664,"436 Garcia Hollow
Nathanland, IL 44440",Y,hours
36,Beverly Davis,731-37-0551,"8320 Rowe Cove Apt. 940
Brownstad, WA 21718",N,miles
37,Sara Harris,177-83-8382,"22988 Annette Locks
South Brianport, FL 46307",N,miles
38,Tammy Rodriguez,011-62-4604,"992 Miller Wells
Port Joshua, NE 82094",Y,hours
39,James Jenkins,071-65-9528,"4676 Angela Mall Suite 156
Carrollborough, DE 22392",Y,hours
40,Krystal Morrison,620-36-7469,"1011 Pineda Vista
West Tony, MT 12795",Y,hours
41,Wayne Harris,220-87-1708,"56685 Debra Parks
West Ryanfurt, PA 77764",N,miles
42,Christina Mcclain,263-65-3238,"PSC 2460, Box 8848
APO AA 15430",Y,miles
43,Sarah Romero,605-49-7490,"556 Kelly Ville
East Kevinhaven, CT 80095",N,hours
44,Jerome Peters,431-22-6168,"Unit 7514 Box 6222
DPO AE 60389",Y,hours
45,Tricia Morris,814-67-1218,"272 Stewart Mews
Jacksonbury, KY 06025",N,miles
46,Nicholas Martin,560-16-6076,"757 Bonnie Gateway
Hinesmouth, MP 14676",N,hours
47,Jason Walsh,707-23-6730,"69470 Chapman Place Suite 277
Harrismouth, VA 67827",Y,hours
48,Rebecca Rodriguez,547-75-4828,"387 Serrano Islands
Lake Frankville, IN 37675",Y,hours
49,Miss Elizabeth Davis PhD,671-23-2934,"61564 Samuel Island Apt. 242
West Michael, NM 20414",N,hours
50,Casey Ballard,068-28-7803,"90264 Garrett Knoll
Suzannebury, MI 20414",N,hours
51,Amy Allen,016-94-1754,"USNV Garcia
FPO AA 86335",Y,miles
52,Christina Gregory,424-79-7546,"419 Bowman Plaza
New Stephanieville, FL 24947",N,miles
53,Eric Marks,372-71-4093,"11284 Michael View
Reedmouth, MS 07293",N,hours
54,Mary Morrison,561-88-3416,"8283 Jacqueline Oval
Port Heather, KS 17994",N,hours
55,Tanya Brown,036-91-4055,"087 Lopez Squares Apt. 851
Carolinebury, PR 97394",Y,hours
56,Alicia Adams,075-68-4170,"15613 Mcneil Cliff
Jacksonside, MH 44609",Y,miles
57,Michael Thomas,457-76-1250,"14333 Hernandez Walks
Cookberg, KS 75623",N,hours
58,Elizabeth Harrison,355-85-1338,"62681 Erika Key Apt. 287
North Amandaport, WV 90818",N,hours
59,David Whitaker,742-81-0878,"PSC 8260, Box 7033
APO AE 52562",Y,miles
60,Brittany Hill,137-11-7060,"PSC 8248, Box 5550
APO AA 75021",N,hours
61,Shawn Herrera,605-55-2819,"842 Brandon Port Apt. 173
Port Danielhaven, OH 82833",Y,hours
62,David Smith,163-84-4997,"7229 Goodwin Street Suite 970
Harrisport, DC 57953",Y,hours
63,Nicole Thomas,252-63-7450,"2460 Murray Isle Apt. 302
North Stevenchester, NE 10064",N,miles
64,Omar Stone,265-20-2211,"90614 Caroline Lock Suite 029
Melissaburgh, WV 15852",Y,miles
65,Ann Johnson,008-46-6599,"9277 Rasmussen Lake
Stacystad, IN 32401",N,miles
66,Patricia Guerrero,272-66-7061,"USNV Fischer
FPO AP 25628",Y,hours
67,Rachel Davis,821-15-8819,"8723 Frazier Cove
Lake Jasonton, NM 69932",N,miles
68,Carolyn Wells,501-55-2033,"PSC 6864, Box 9076
APO AE 65892",N,hours
69,Brittany Green,613-58-0191,"5218 Burke Vista
Port Eric, IA 00552",Y,hours
70,Ann Clarke,406-69-6077,"USS Macias
FPO AP 55737",Y,hours
71,Alan Jones,652-30-6537,"PSC 8738, Box 4050
APO AA 31575",N,miles
72,Laura Butler,280-39-3039,"5567 Bill Ridges Suite 739
Chelseyview, NH 12601",N,miles
73,Kelsey Cook,856-06-3961,"31584 Russell Bypass
Sloanfort, GU 34248",N,miles
74,Katherine Rowe,086-11-4967,"6255 Gabriel Villages
Jordanhaven, CO 92425",Y,hours
75,Michael Berry,213-37-1183,"54989 Newton Extensions Suite 474
Kyleville, AK 11469",Y,hours
76,Nicole Cherry,110-45-7355,"8621 Bennett Ridge Suite 345
Jessicaport, TX 18655",Y,hours
77,David Miller,243-98-0961,"395 Jane Dam Apt. 194
Riveraberg, OK 32198",Y,hours
78,Jennifer Malone,553-63-6154,"173 Jacobs Burg
South Stephanie, NC 49978",N,hours
79,Timothy Graham,077-92-2729,"0781 Veronica River Suite 232
New Paulstad, VI 19121",N,hours
80,Victor Chan,339-58-0927,"5036 Turner Ville Apt. 477
Holtfort, MH 26234",Y,hours
81,Ryan Carpenter,785-14-9667,"9812 Daniel Plain
West Melissa, FL 88247",Y,hours
82,Dana Jackson,045-86-3127,"158 Carol Prairie Suite 719
Ruizmouth, TX 89537",N,miles
83,Linda Griffin,070-18-0554,"1953 Alex Inlet Suite 529
Torresfort, AS 98870",N,miles
84,Thomas Watson,600-08-4896,"03466 Hernandez Parkways Suite 485
New Andreaville, AS 59264",N,miles
85,Benjamin Rios,899-44-4474,"1514 Paul Mountain
Amystad, GA 37557",N,hours
86,Robert Stephens,508-06-6543,"404 Frank Neck Suite 748
Deborahchester, AR 89747",Y,hours
87,James Rodriguez,231-99-9954,"Unit 5245 Box 6250
DPO AA 14235",N,hours
88,Tiffany Conner,566-28-9049,"65279 Travis Land Apt. 779
Jordanmouth, WY 14054",N,hours
89,Peter Stewart,167-53-6372,"Unit 2213 Box 7460
DPO AE 86885",N,hours
90,Deborah Collins,505-76-7401,"2971 Hernandez River Apt. 280
Alexshire, WY 65096",Y,miles
91,Elizabeth Griffin,549-54-3717,"376 Stephen Orchard Apt. 590
Gilbertfurt, AK 94412",N,hours
92,Glen Barnes,760-65-8779,"8677 Bridges Burg Apt. 749
South Alexander, AS 96684",N,hours
93,Daniel Bell,059-09-7629,"6046 Christopher Expressway
Davismouth, AK 65784",Y,hours
94,Fernando Jenkins,474-62-3002,"3593 Orozco Trace Suite 992
New Christine, IA 55231",N,miles
95,Edward Lambert,318-78-7430,"395 Wiggins Ridges
Jenniferport, FM 61342",N,miles
96,Adam Alvarez,538-77-7390,"506 Mark Via
New Bradley, ID 66056",Y,miles
97,Todd Gentry,454-59-8371,"80184 Jennifer Islands
New Jacob, HI 99474",N,hours
98,Laura Smith,584-98-4716,"577 David Avenue
Carolynville, FL 35480",Y,miles
99,Jack Pacheco,581-32-1530,"177 Meyer Courts
Port Erinborough, FL 67147",N,miles
100,Heather Brown,074-41-7038,"96694 Tammy Dam
East Emily, CT 91736",Y,miles
101,William Strickland,270-85-8890,"73853 Holt Mission
West Deborahland, AL 91373",Y,hours
102,Kimberly Lopez,378-50-4872,"0260 Wells Throughway
Lake Michaelburgh, MA 35506",Y,miles
103,Ricardo Sullivan,276-31-1215,"185 Peters Extension
Rojasstad, NC 22267",Y,miles
104,Samantha Rojas,469-25-4143,"97102 Schneider Corners
New Matthewmouth, NM 94527",Y,miles
105,Crystal Smith,183-88-5011,"3164 Ochoa Lock
East John, MP 64225",N,hours
106,Stephanie Brown,808-57-4083,"56539 Velez Harbor Apt. 262
South Matthew, GA 71020",N,hours
107,Gregory House,180-29-3091,"909 Joseph Cliffs Suite 717
North Cindyfurt, NE 50228",N,miles
108,Kristen Vega,449-39-3049,"230 Valenzuela Mountain
Josephberg, AL 70242",Y,hours
109,Veronica Morrison,187-21-4981,"92192 Brewer Ramp Suite 374
Laurenport, IN 48563",Y,hours
110,Christian Diaz,088-60-1370,"0789 Sandra Route
East Matthewside, VA 55303",Y,miles
111,Jeffery Davis,881-95-2517,"6251 Fox Plain
New Maria, AZ 77455",Y,miles
112,Jordan Lin,022-56-0266,"7036 Rogers Stravenue Apt. 777
Jeffreybury, TN 50889",N,hours
113,Kari Adams,897-45-3283,"67427 Smith Ramp
Courtneyview, SC 67958",N,hours
114,Brian Gibson MD,294-76-3393,"4743 Megan Creek Apt. 013
Port Jamesland, NY 25674",N,hours
115,Wesley Perez,171-28-6535,"50809 Laura Lake
Scottview, IA 13136",N,hours
116,Teresa Warner,401-55-0609,"92354 Reed Pass
Debraberg, SD 39042",N,hours
117,Angela Terry,211-08-3306,"6122 Daniel Forest
Sarahbury, VT 98226",Y,miles
118,Robert Robertson,303-25-6592,"0729 Brian Knoll Apt. 754
Lake Jason, AK 03513",Y,hours
119,Brian Marshall,808-24-4766,"5187 Arellano Gardens
Lisastad, MD 50056",Y,hours
120,William Valdez,212-95-7399,"916 Gallegos Lake Apt. 389
Stricklandton, KY 76048",N,hours
121,Amy Davis,803-88-6514,"USNS Castillo
FPO AA 91198",Y,hours
122,Brenda Christensen,038-34-1608,"5276 Valerie Island
Port Rebekah, MA 74829",Y,miles
123,Christina Thompson,647-77-3164,"579 Mary Pike Apt. 591
East Joseph, FL 86655",Y,hours
124,Aaron Beard,133-68-5615,"911 Rachel Pines Suite 836
New Anne, SC 32472",Y,miles
125,Jose Green,534-10-3206,"USS Fox
FPO AA 65201",N,miles
126,Robert Gilbert,075-67-9312,"679 Alexandria Mountain Apt. 726
Frankchester, MD 23731",Y,miles
127,Randy Patterson,133-94-3069,"10677 Susan Estate Apt. 615
East Dianabury, NH 36153",Y,miles
128,Mr. Jim Williams,501-75-0726,"9547 Jacob Locks
Anthonymouth, AK 84800",N,miles
129,Gregory Khan,413-48-1232,"02638 Danielle Rapids Suite 437
Michaelfort, MH 93749",N,hours
130,Cody Richardson,736-06-2203,"152 Nathan Passage Suite 299
Stephaniemouth, ID 99255",N,miles
131,Roy Mclaughlin,848-79-1391,"200 Christopher Fall Suite 542
Krauseport, TN 49844",Y,hours
132,Elizabeth Rodriguez,719-13-3856,"1992 French Ferry Apt. 593
New Adambury, WI 48148",Y,hours
133,Christian Andersen,575-52-1861,"78090 Zimmerman Center
New Jeffrey, MI 85352",Y,miles
134,Sandra Rhodes,811-72-3252,"962 Kelly Lodge Suite 447
Port Manuelville, CT 34642",Y,miles
135,Mr. Alexander Hall,647-22-5284,"342 Megan Pass Suite 813
Samuelville, MI 50696",Y,miles
136,Jonathon Snyder,819-94-0689,"2785 Jessica Courts Suite 603
Clementston, FM 93280",Y,hours
137,Tracy Hall,269-73-2897,"924 Ellen Estates Apt. 963
Johnsonchester, NE 78428",Y,miles
138,Jacqueline Dickson,698-03-5466,"2362 Rebekah Avenue Suite 875
North Jenniferport, MO 92714",Y,miles
139,Michael Cole,243-18-3764,"USS Houston
FPO AP 82557",N,miles
140,Daniel Kelley,313-27-2736,"106 Anthony Mountains
Johnview, UT 38820",Y,hours
141,Jennifer Stephens,059-64-9029,"79500 White Meadow Suite 423
Port Sharonberg, CA 45007",N,miles
142,Margaret Flynn,139-23-4983,"687 Robert River
Bellside, NV 92315",N,miles
143,Michael George,752-29-1041,"8011 Henry Gardens Apt. 416
East Timothyville, FL 32650",N,hours
144,Alejandro Kemp,660-74-6609,"374 Fisher Glens Suite 946
Lake Edwardmouth, MT 22532",Y,hours
145,Jay Robinson,658-38-2207,"3262 Daniels Pines Apt. 182
South Joshua, FM 92791",N,hours
146,Lori Thompson,196-82-3778,"Unit 1209 Box 9049
DPO AP 99918",N,hours
147,Shawn Wright,513-20-0450,"4397 George Loaf Apt. 043
Lake Christopher, PW 77935",Y,hours
148,Hayley Jenkins,257-06-3595,"8600 Evans Circle
Jamesport, NV 78784",Y,miles
149,Debra Miller DDS,184-15-9225,"646 Rhodes Throughway
North Samanthafurt, GA 94298",N,miles
150,Todd Gentry,312-54-5861,"PSC 4239, Box 0501
APO AP 95062",N,miles
151,Sarah Nixon,858-09-6301,"100 William Meadows Suite 073
New Jennifermouth, ID 74100",Y,miles
152,John Gonzalez,631-67-8302,"1082 Christopher Street
Riosberg, AZ 51564",Y,miles
153,Alexis Spencer,472-79-4465,"8939 Donald Trail
South Matthew, NJ 27454",N,miles
154,Sean Kelley,002-69-0639,"39642 Randy Union Suite 235
West Ernest, MS 16571",N,miles
155,William Harvey,875-21-0724,"1476 Antonio Trafficway
Brandonmouth, AS 71081",N,miles
156,Eric Cobb,865-14-0920,"193 Harper Camp
Donaldhaven, AL 31935",Y,hours
157,Roy Fox,054-89-3381,"25771 Christina Common
Cooperhaven, IL 70450",Y,miles
158,Kathryn Velasquez,077-23-8879,"940 Charles Dam
Lake Jacob, IN 07771",Y,hours
159,Robert Holt,547-98-2887,"6641 Richards Tunnel Suite 160
Beltranberg, AR 98611",N,hours
160,Rebekah Kline,341-62-8024,"739 Jeffrey Drives Suite 829
Lake Joanneburgh, AL 23265",Y,hours
161,Laura Williams,294-80-9474,"PSC 1490, Box 2154
APO AE 70309",N,miles
162,James Medina,290-51-3456,"USCGC Nelson
FPO AE 13374",N,hours
163,Joseph Cunningham,705-02-3813,"910 Lewis Squares Suite 379
Port Richardton, IN 50077",N,hours
164,Robert Mack,070-28-2771,"Unit 5270 Box 0406
DPO AP 95569",Y,miles
165,Kathy Bryan,148-97-8106,"320 Schneider Mountain
Patriciashire, NM 02392",Y,miles
166,Eric Hunter,031-26-8317,"708 Jones Extensions Suite 952
Branditon, MT 43959",N,hours
167,Sheryl Cunningham,301-98-0640,"7384 Lindsay Square
Port Victoria, CO 84167",Y,miles
168,Joshua Dorsey,607-11-0297,"6499 Robert Vista
Katherineville, HI 51195",Y,hours
169,Christopher Walter,213-08-5743,"87015 Adams Skyway
Donnaview, WV 90768",Y,miles
170,Tammy Krueger,843-46-6756,"591 Morris Tunnel
Ryanchester, VI 88583",Y,miles
171,Bianca Ramirez,176-66-3350,"79068 Bryan Street Apt. 804
South Shellyside, LA 38049",N,hours
172,Micheal Perez,111-06-8780,"27212 Day Village Apt. 438
East Kristina, CO 94108",Y,miles
173,Ashley Burns,880-87-7167,"USNV Chan
FPO AP 56985",Y,miles
174,Tony Mcclain,397-72-2380,"24962 Justin Mill Suite 390
Lake Gabrielfurt, AK 30852",Y,hours
175,Austin Gallegos,681-44-1262,"0602 Melanie Via
Robertshire, WY 44046",Y,hours
176,Melanie Thomas,208-71-2540,"70000 Jessica Turnpike Apt. 299
Lake Arielfort, DC 35863",Y,miles
177,Juan Frank,741-87-5477,"591 Powell Forest
Lake Markton, MN 70149",N,miles
178,Earl Edwards,246-75-5729,"6860 Chavez Falls
Fritzport, MI 92841",N,miles
179,Xavier Larsen,520-18-8845,"8306 Thompson Trail
West Amanda, PW 00587",N,miles
180,Rachel Warren,164-14-7087,"3648 Graves Flat Suite 844
Lake Tammychester, TX 40751",N,miles
181,William Obrien,338-09-6456,"89470 April Crescent
West Soniaview, MS 25454",N,miles
182,Cynthia Craig,624-16-0582,"1274 Vaughn Cove
North Matthewberg, IL 49565",Y,hours
183,Phillip Perez,337-60-0331,"090 Jones Loop
East Ericborough, IA 10000",N,miles
184,Dr. Ashley Ford MD,417-40-8977,"179 Jessica Walks
East Kimberly, CO 48633",Y,miles
185,April Evans,766-08-2374,"73582 Sanchez Cliffs
New Andrew, GA 50458",Y,miles
186,Paul Moon,873-57-8160,"55225 Daniel Overpass Apt. 470
Maryfurt, AK 90754",N,miles
187,Matthew Lee Jr.,822-38-8428,"584 Smith Stream
West Alyssa, NY 02235",Y,hours
188,Brooke Coleman,696-27-7553,"4146 Trujillo Courts
Cynthiashire, ME 67048",Y,hours
189,Erica Bailey,200-27-2195,"384 April Circles
Jadeshire, GA 66871",Y,miles
190,Sarah Walton,188-20-0465,"USNV Gibson
FPO AA 11776",N,hours
191,Maria Rodriguez,191-97-0880,"9435 Melanie Plaza
Adrianaton, KS 59298",N,miles
192,Larry Espinoza Jr.,400-17-1423,"2894 Valenzuela Wall Apt. 462
Joshuaton, VT 66901",N,miles
193,Kimberly Hansen,649-96-7682,"437 Janet Village
West Katherinebury, KY 41523",N,hours
194,Kirk Campbell,789-37-4873,"1979 John Viaduct
Johnsonmouth, WY 13751",Y,miles
195,Marcus Robinson,608-91-0835,"Unit 2096 Box 3596
DPO AP 14561",Y,miles
196,Morgan Williamson,898-45-2912,"9393 Jaclyn Knolls
Lake Catherine, DE 80860",N,miles
197,Gloria Singh,200-83-0275,"104 John Flat
North Jamesberg, IL 46724",Y,hours
198,Adam Rhodes,847-93-0385,"54945 Carter Dam Apt. 094
East Melissa, MO 84679",Y,miles
199,Thomas Nunez,079-23-0395,"1461 Patel Mountains Suite 840
North Anthonymouth, PR 81455",Y,hours
200,Kelsey Vasquez,778-53-9317,"926 Laura Place
West Thomas, GA 54736",N,hours
201,Holly Adkins,265-32-9892,"434 Marie Village
New John, AL 71353",N,hours
202,Stacy Patel,023-05-9099,"125 Smith Ferry
East Amandaborough, AR 75363",Y,hours
203,Michael Gray,289-36-6907,"599 Nicholas Walks
West Nataliemouth, MO 39748",N,hours
204,Tracy Wagner,616-18-3793,"PSC 5124, Box 7463
APO AP 82321",Y,miles
205,Lisa Chan,870-76-7129,"8651 Cobb Highway Apt. 085
Washingtonside, TN 03189",Y,miles
206,Megan Christian,013-30-9487,"9676 Fitzpatrick Flat
South Kennethshire, NJ 05947",Y,miles
207,Colleen Spence,296-42-1985,"397 Johnson Glens
South Linda, VA 11472",Y,hours
208,Stephanie Austin,827-88-9169,"827 Justin Village Suite 914
Jerryville, AL 80681",N,miles
209,Evan Singleton,653-56-8222,"104 Jose Green
New Russellfort, MN 58578",N,miles
210,Matthew Rivera,606-34-2933,"350 Perry Green
North Olivia, TX 56970",Y,miles
211,Justin Alvarez,836-67-9359,"43554 Amanda Station
South Valerie, CO 66525",Y,miles
212,Rebecca Rivera,891-05-5148,"USCGC Miller
FPO AE 96516",Y,hours
213,Jacob Allen,331-72-7144,"928 Catherine Ports Suite 600
Johnsonmouth, TX 76430",N,hours
214,Tyler Rodriguez,211-03-4109,"2837 Elizabeth Mews
North Kristenview, MS 23725",N,hours
215,Richard Taylor,693-37-0696,"049 Danny Lights
Calderonburgh, CO 18882",N,hours
216,Megan Mckee,680-89-7626,"9406 Kevin Streets
Collinsview, LA 84323",Y,miles
217,Michael Green,279-63-0897,"430 Daniel Burgs
Jacquelineview, KS 50362",N,miles
218,Dr. Mark Jennings Jr.,537-01-6877,"8599 Frost Ports
Port Travisborough, NV 71907",Y,miles
219,Bethany Lopez,521-37-3330,"42790 Benson Fort
New Stephanieborough, NM 82344",Y,miles
220,Javier Rodriguez,073-86-4624,"8155 Jonathan Vista
New Lindastad, MD 26282",Y,hours
221,Steven Schneider,501-25-1975,"7384 Caitlin Point
Port Angelaview, TX 38030",N,miles
222,Bryce Cole,540-13-3600,"6394 Richards Knolls
Brendaton, WA 77014",N,hours
223,Miss Kara Miller DVM,008-57-3018,"75020 Larry Village Apt. 835
Emilyberg, MP 95805",Y,hours
224,Danny Anderson,336-10-0798,"85454 Smith Radial Apt. 942
Rangelshire, WA 77601",Y,hours
225,Heather Garza,840-03-3366,"05886 Smith Expressway
Thompsonstad, DC 57132",N,hours
226,Ashlee Moyer,891-41-4042,"164 Taylor Crossing
Danielfort, WA 17203",Y,hours
227,Kyle Rivera,271-95-0892,"6993 Dana Union
West Matthew, HI 69066",N,miles
228,Linda Johnson,861-54-0917,"011 Porter Union
Port Timothy, HI 64327",Y,hours
229,Teresa Rodriguez,109-83-5313,"128 Melvin Roads
Jarvistown, MH 41725",N,hours
230,Erica Davis,475-05-8748,"8679 Rhonda Meadows Apt. 772
North Caitlinborough, SC 43017",N,hours
231,Gregory Montgomery,710-99-6780,"222 James Turnpike
Lake Mark, FL 44921",N,hours
232,Christine Johns,547-62-5207,"71902 Beth Bypass Apt. 136
Fosterchester, AR 82874",Y,hours
233,Brittany Davis,749-28-7091,"2589 William Drive
Pamchester, AK 57471",Y,hours
234,Shawn Moore,021-13-0323,"8743 Larry Flat Apt. 197
Olsonchester, OR 30716",N,miles
235,Roberto Howell,092-01-5846,"5110 Courtney Hollow
Morrisburgh, VT 71853",Y,hours
236,Richard Avery,434-05-0833,"PSC 9296, Box 1713
APO AE 67402",Y,hours
237,Maureen Howell,410-67-4038,"9185 Bailey Lodge
New Barrychester, MS 89364",Y,miles
238,Tanner Mann,359-24-4273,"69785 Tonya Cliff Suite 668
East Catherineport, NV 48045",N,hours
239,Wesley Dalton,350-81-5801,"448 Robert Trace Suite 383
Drakeberg, CA 66575",Y,hours
240,Charles Anderson,227-77-3842,"1086 Antonio Parkway
Michealfurt, CA 42764",Y,miles
241,Kimberly Gonzales,134-68-4041,"56970 Tiffany Loop Suite 532
Mitchellborough, AR 26386",Y,hours
242,Amber Williamson,805-80-5571,"791 Matthew Isle
Port Colleen, DE 46629",N,hours
243,Alexandra Brown,430-91-3499,"392 Wendy Springs
East Andrew, PR 60750",N,hours
244,Brianna Jones,478-56-8318,"087 Ricardo Way Suite 072
Port Jason, PA 22020",Y,miles
245,Amber Evans,646-35-5156,"20305 Kristin Terrace Suite 219
West Tyler, IL 94976",N,hours
246,Jennifer Wright,345-52-5046,"9794 Hernandez Point
North Alexandrachester, DC 07326",Y,miles
247,Regina Mills,134-32-8012,"071 Brandon Unions
Brittanymouth, WI 51244",Y,hours
248,Brian Taylor,550-04-1275,"27341 Barnes Forges
Lake Maria, WV 23837",Y,miles
249,Rebecca Wilson,254-35-4642,"2643 Andrew Plains
Meganborough, CO 76849",Y,hours
250,Brian Melton,407-45-2910,"7707 Margaret Valley Apt. 726
Port Josephmouth, DE 99491",Y,hours
251,Cassandra Herrera,431-06-9654,"2250 Matthew Flat
Santiagomouth, MT 34366",N,hours
252,Jennifer Price,085-01-1514,"66201 Eugene Station
East Rodney, PR 80176",N,hours
253,Jamie Mayo,152-84-9392,"2068 Jonathan Harbors Suite 078
Martinport, NE 62081",Y,miles
254,Robert Hall,768-78-4710,"68504 Sarah Coves Apt. 539
Port Deanna, MP 14417",N,miles
255,Matthew Gilbert,799-92-7394,"0928 Young Islands
North Sarahland, ID 96869",Y,miles
256,John Rocha,870-15-4587,"9635 Brown Park
Port Kirkstad, NC 37310",Y,hours
257,Laurie Herring,514-01-9683,"73499 Rachel Street
South Albert, RI 70420",Y,hours
258,Jennifer Williams,237-09-4494,"PSC 5790, Box 4498
APO AE 74640",N,miles
259,Andrea Johnson,554-76-1486,"7944 Nicholas Forges
Nicolehaven, FL 89477",Y,miles
260,Michael Hicks,070-07-0199,"8675 Kari Shores
Jamesside, GA 32413",N,hours
261,Joanna Brooks,509-03-9290,"24385 Thomas River
Cooleyland, AL 78445",Y,miles
262,Tammy Chavez,086-02-8642,"46853 Michael Trace Apt. 396
South Steven, GA 03236",N,hours
263,Melissa Melton,159-16-4877,"306 Reyes Parkways
Yatesshire, DC 83023",N,miles
264,Jennifer Martin,373-62-1799,"2399 Thomas Stravenue Suite 426
New Mckenzie, MP 27512",Y,miles
265,Brian Mitchell,552-38-6874,"84806 Mary Pass
Williammouth, MA 38066",N,hours
266,Deborah Richardson,534-78-6245,"9312 Miller Plains
Andrewshaven, VI 73856",Y,hours
267,Dana Thompson,494-33-0893,"13623 Gonzalez Springs Suite 623
North Stevenmouth, WA 18383",N,hours
268,Richard Lewis,309-07-8405,"37715 Robert Mission
Stephanieshire, CA 42502",N,miles
269,Angela Gibson,472-78-8465,"0998 Christopher Field
Hartland, PA 74451",N,hours
270,Katherine Hardy,650-29-3551,"300 Timothy Canyon
East Maryhaven, NH 82817",Y,miles
271,Seth Escobar,019-72-0643,"6581 Wong Light Suite 165
South Cynthia, MA 29457",N,hours
272,Timothy Clark,664-46-8536,"06022 Bond Tunnel
Christinehaven, NM 82224",Y,hours
273,Mr. Kevin Henderson Jr.,152-33-9666,"69528 Owen Road Suite 740
Dennisview, PA 08525",Y,hours
274,Darlene Franklin,849-48-0986,"349 Mccarty Cliff
Kevinstad, HI 84460",N,miles
275,James Li,196-76-7868,"02281 Dennis Club Apt. 103
Williamview, PW 60841",N,hours
276,Cindy Ponce,311-35-2908,"992 Tricia Walks
New Annachester, PA 94164",N,miles
277,Joshua Tucker,694-24-8696,"07923 Michelle Station Apt. 318
Lake Brittany, NV 72837",Y,miles
278,Jared Herring,045-78-1460,"28371 Sheri Glens Apt. 245
Port Jason, KY 67449",N,hours
279,Anthony Fox,891-84-3668,"94860 Kimberly Light Apt. 282
South Danny, RI 49628",N,hours
280,Christopher Haas,712-95-8161,"100 Jason Mount
Lake Daisyville, ME 01605",N,miles
281,Anthony Miller,717-31-9645,"697 Samantha Center
Lake Patricia, WY 01121",Y,miles
282,Dr. Colleen Schneider,699-34-1487,"56152 Jacqueline Mountain Apt. 646
Wilsonbury, NM 62178",Y,miles
283,Kayla Lester,781-88-8858,"38335 Hawkins Forges
West Glennbury, IL 63570",N,hours
284,Meagan Johnson,887-39-3050,"19430 Michael Green Apt. 563
Michaelmouth, KY 51570",Y,hours
285,Jose Willis,834-74-3216,"07114 Salazar Pine
Timothyport, VT 38067",Y,hours
286,Kevin Tapia,248-74-4814,"6581 Kelly Lakes Apt. 134
East Ericaland, AK 19402",Y,miles
287,Brianna Williamson,881-37-3966,"2785 Melanie Viaduct Suite 498
Lake Haley, FL 64389",N,miles
288,Steven Snyder,387-36-4199,"USCGC Allen
FPO AP 77045",Y,miles
289,Erin Hughes,265-96-6287,"92952 Ronald Drive Apt. 828
Julialand, CT 24881",Y,miles
290,Michael Garcia,207-54-1663,"6747 Chad Place
West Mark, IN 50448",N,hours
291,Joshua Murphy,507-73-4874,"69734 Emma Shoal Suite 513
New Brandy, SD 43594",N,miles
292,Jonathan Shaw Jr.,341-77-9639,"USS Graham
FPO AE 60785",N,hours
293,Cathy Davis,156-58-3130,"75648 King Centers
Jensenstad, LA 92004",Y,hours
294,Cody Valencia,149-20-9145,"2495 Alicia Landing
Hannahside, WA 93617",Y,miles
295,Kristin Mccoy,830-21-3760,"9552 Rivera Vista
North Emily, AR 32724",Y,miles
296,Mitchell Smith,747-80-7614,"8980 Velasquez Stravenue
New Jordan, CA 22678",Y,miles
297,Carla Brewer,241-13-1966,"61489 Marissa Hollow Apt. 836
Boyerfurt, MS 26538",N,miles
298,Joshua Kerr,375-56-9196,"69151 Lisa Lodge Apt. 879
Hoffmanberg, IA 34901",Y,miles
299,Donna Murphy,713-66-5567,"102 Thomas Extension
Melissatown, AZ 60139",N,hours
300,Corey Williams,469-11-6584,"0396 Woods Common
Jasonfort, WV 95791",Y,hours
301,Amber Martin,778-72-2418,"03592 Houston Landing
East James, MH 58946",N,hours
302,Amanda Stanley,203-91-4753,"297 Donaldson Harbors
Chadport, LA 80625",N,hours
303,Kayla Nelson,206-84-2563,"53119 Kirk Port Suite 505
Port Jessicamouth, NY 97422",Y,miles
304,Sheena Dixon,076-43-8300,"142 Boone Roads
West Mary, OK 38705",N,miles
305,Joseph Aguilar,858-53-8581,"USNS Maddox
FPO AA 01645",N,hours
306,Crystal Gallegos,052-87-3525,"30576 Kylie Street Apt. 631
West Victorview, DE 43317",Y,hours
307,Andrew Lopez,693-30-3861,"166 Megan Forest
Kennethberg, ND 03881",Y,miles
308,Robin Phillips MD,633-86-2061,"1795 Navarro Fall Apt. 323
West Annette, IL 75261",N,miles
309,Mark Williams,253-12-1419,"42117 Christian Camp
Lake Rogerbury, VA 44599",N,miles
310,Aaron Williams,599-37-9156,"52201 Bowman Heights
Williamshaven, NC 49033",N,miles
311,Caroline Mckinney,309-26-3317,"2676 Carl Manor Suite 946
Marthastad, AZ 64070",Y,hours
312,John Lynch,438-91-1390,"678 Smith Track
South Rebecca, MS 81869",N,miles
313,Cindy Thompson,248-98-0841,"92631 Tyler Vista Apt. 454
New Brian, MD 03572",Y,hours
314,Justin Johnson,797-80-8900,"8931 Maxwell Ville Suite 342
Jefferymouth, OR 45730",N,miles
315,Christine Moore,469-45-8618,"663 Moore Harbors Apt. 785
East Marcfort, NC 64821",Y,hours
316,Caitlin White,531-31-6802,"2677 Michael Turnpike Apt. 927
South Pennyfurt, MI 17158",N,miles
317,Daniel Rodriguez,866-19-7084,"39702 Baker Street
Berrystad, NE 08688",N,hours
318,Karen Hudson,753-59-2229,"192 Joel Dam
Lake Deannaburgh, TN 46836",N,miles
319,Eric Moreno,016-34-2047,"7567 Abigail Well Apt. 042
Davisborough, AK 13017",N,hours
320,Lindsey Young,083-24-0660,"248 Rodriguez Alley
South Kristinabury, OH 73516",N,miles
321,Diana Price,332-39-5150,"7305 Michael Shores
Gutierrezville, ME 35247",N,miles
322,Deanna Butler,439-16-1526,"PSC 9899, Box 3529
APO AE 37738",Y,hours
323,Angela Williams,136-42-3502,"4289 Odonnell Islands
Brianview, IN 56891",Y,miles
324,David Christensen,627-87-2912,"469 James Rest Suite 129
West Gary, KS 30781",Y,miles
325,Bryan Butler,780-03-0731,"6501 Devin Spurs Suite 832
Deannastad, IA 14706",N,miles
326,Karen Torres,235-04-7956,"180 Wanda Crossroad Apt. 724
Davisshire, MT 47796",N,hours
327,Brandon Day,168-49-9222,"381 Stephanie Mountain Suite 823
North Joannaview, NE 09727",N,miles
328,Arthur Holmes,288-25-7794,"95490 Steven Brooks
Kirkhaven, MD 45640",Y,miles
329,Andrew Sullivan,860-84-3301,"89227 Lisa Isle Apt. 531
East Robert, AS 02091",N,hours
330,Anna Miller,661-27-4354,"509 Elizabeth Pike
Jordanfurt, DE 58856",Y,hours
331,Madison Clayton,190-47-2700,"722 Thomas Ways
Joshuaville, MS 88089",N,miles
332,Sheila Hawkins,596-62-0016,"233 Wanda Hollow Apt. 490
Byrdport, MS 58138",N,miles
333,Alexandra Sawyer,775-47-4415,"60972 Miller Gateway
Thomasshire, VI 85434",N,hours
334,Ethan West,882-99-5283,"76208 Gina Centers
Ruthchester, WA 10012",N,hours
335,James Neal,795-15-7854,"52836 Ramirez Curve
Lake Mary, PW 67199",Y,hours
336,Vicki Williams,650-61-1819,"879 Wheeler Streets Suite 892
Adamshaven, MI 66678",Y,hours
337,Sydney Sexton,315-29-7512,"7041 Gomez Forges
Lake Richard, KS 64306",N,miles
338,Michelle Reyes,403-98-7923,"44739 Derrick Shoals
North Brandonshire, ID 09685",Y,miles
339,Sandra Martinez,759-84-4458,"30761 Tyler Wall Apt. 085
New Tyrone, NV 65457",N,hours
340,Jonathan Clay,516-22-3442,"PSC 1462, Box 7517
APO AP 40806",N,miles
341,Jeffrey Hernandez,227-05-0340,"321 Pamela Oval
Jeremychester, IL 91641",N,miles
342,Anthony Lee,153-59-1373,"1022 Rachel Crossing
Charlottebury, PR 20687",N,hours
343,Joseph Rivera,591-41-4167,"05786 Heather Lights Suite 522
Sandrahaven, IL 06254",N,hours
344,Roger Nicholson,386-17-4259,"599 Walls Curve
Gailville, MS 01651",N,miles
345,Samantha Osborne,593-62-7115,"518 Courtney Key Apt. 233
North Aaron, MI 71528",Y,hours
346,Catherine Williams,040-21-0443,"762 Richard Locks
East Cherylview, NC 58009",Y,hours
347,Angie Gibson,858-83-5345,"57548 Ramirez Drives
Susanshire, CO 56916",N,hours
348,Diana Lewis,222-56-4356,"PSC 1384, Box 1188
APO AP 42743",Y,hours
349,Connor Johnson,198-68-3953,"5181 Lowery Plains Suite 192
New Scottstad, NM 14180",Y,miles
350,Angela Nichols,350-31-8058,"131 Timothy Dale
Port Jennifer, NC 56663",Y,miles
351,Ashley James,893-03-0687,"63997 Greer Manor
New Darlene, GU 71109",N,miles
352,Anthony Perkins,370-49-6365,"PSC 0670, Box 0589
APO AE 88248",Y,hours
353,Jason Tucker,555-82-4701,"5373 Caleb Fort Suite 662
West Samanthaberg, FM 32182",N,miles
354,Anthony Liu,633-51-0424,"491 Melissa Glens Suite 949
Davisside, FM 68135",N,hours
355,Ashley Carpenter,788-56-2840,"668 Schultz Spur Suite 403
West Ericfurt, LA 68293",N,hours
356,Lorraine Dickson,501-06-9671,"0887 Fleming Falls
Bradshawfort, MH 48989",N,hours
357,Benjamin Floyd,348-72-6699,"2724 Mullen Square Apt. 844
Port Megan, IA 82938",Y,miles
358,Kim Moon,488-53-1014,"186 Megan Manor
East Crystal, LA 87945",N,hours
359,Stephanie Navarro,512-52-7400,"504 April Ways Suite 016
North Stephen, NC 71204",Y,hours
360,Leslie Murray,158-70-0259,"91364 Moses Forks Apt. 415
Lake Jeffreyland, ND 69035",N,hours
361,James Morrison DVM,776-99-7582,"2928 Gonzalez Mews Suite 638
West Christopher, WA 12978",N,hours
362,Andrew Boyd,278-18-8908,"8562 Jodi Street
Lake Tracy, CA 34588",N,miles
363,Kristine Hanna,278-29-1650,"8132 Brown Station
Lauramouth, OK 59198",N,hours
364,Robert Mathis,736-57-5032,"401 Gregory Port Apt. 404
Brockhaven, MO 02024",Y,hours
365,Lisa Haley,129-29-0931,"3480 Glen Crescent
Stephenville, IA 66638",Y,miles
366,Anna King,368-81-9368,"043 Nixon Spur
North Alexander, AL 84058",Y,hours
367,Daniel Murray,073-43-0067,"6451 Stephanie Shore Suite 777
West Christinestad, MD 34433",N,hours
368,Jennifer Andersen,115-44-2923,"00216 Carey Radial
Port Scottbury, TN 96041",Y,hours
369,Tyler Curtis,840-57-0793,"718 Cathy Mountains
Angelicamouth, KS 23549",N,hours
370,Alison Olson,567-37-1748,"5642 Blair Roads Apt. 196
Marissafort, GA 55575",N,hours
371,Gregory Mccormick,241-14-4093,"77486 Hampton Valleys Suite 073
Lake Yvonne, MS 75900",Y,miles
372,Scott Scott,353-96-5087,"9946 Reid Valleys Suite 878
Port Lisa, FM 31443",N,miles
373,Jean Stewart,794-54-1500,"086 Kyle Spring Suite 186
Laurafurt, AZ 36226",N,hours
374,Jamie Mays,328-41-3554,"231 Olson Road Suite 217
New Markstad, MD 90027",N,hours
375,Jason Lamb,604-75-3077,"6368 Spencer Villages
Singhview, AZ 69173",N,miles
376,Cassandra Rivers,827-38-9991,"313 Salazar Spurs Apt. 974
Stephenville, GA 59683",Y,hours
377,Jose Martinez,015-64-3595,"83672 Michael Key Apt. 709
Freemanland, IN 41993",Y,hours
378,Tyler Chavez,635-46-8469,"3642 Corey Circle
Lake Jennifer, DE 99807",Y,miles
379,Lawrence Martin,432-86-2920,"PSC 2639, Box 9102
APO AP 88614",N,hours
380,Rhonda Harper,747-02-7141,"Unit 0231 Box 4132
DPO AE 09665",N,miles
381,Derrick Hicks,487-61-9295,"163 Vasquez Orchard Suite 002
Amyton, RI 17669",N,miles
382,Douglas Bradley,165-02-6497,"874 Hill Wells
West Christina, TN 83210",N,hours
383,Amanda Miranda,036-80-6943,"480 Tucker Creek Suite 355
Perryton, CO 07676",N,hours
384,Duane Murray,129-74-3983,"82336 Claire Village Apt. 508
Lake Kelseychester, LA 43673",Y,hours
385,Jillian Young,076-24-7751,"Unit 4622 Box 7481
DPO AE 23351",Y,hours
386,Justin Lewis,827-12-4067,"7129 Adam Brooks
Chadtown, SD 84619",Y,miles
387,Teresa Fuller,774-78-7836,"509 Kathryn Neck
North Vicki, VA 31139",N,hours
388,Kelly Horton,103-48-2511,"315 Preston Spring Apt. 605
West Katiechester, ME 26408",Y,miles
389,Jodi Hanson,636-67-4835,"2121 Patel Bridge Apt. 539
Port Nicholas, IL 70551",N,hours
390,Deborah Daniels,636-32-5301,"2191 Erika Mews
New Kimberly, DC 30158",N,miles
391,Kristen Simmons,399-24-0280,"1165 Alicia Coves Apt. 571
East Erica, MH 43580",N,hours
392,Douglas Tran,823-22-0780,"43119 Robert Locks Suite 765
West Andreamouth, IN 97838",Y,miles
393,David Smith,239-66-5363,"28089 Schmidt Fords Suite 758
Douglasborough, TN 17082",N,hours
394,Jessica Hebert,140-02-3286,"399 Kimberly Springs Suite 579
Lake Jeffrey, FM 78473",N,miles
395,Shannon Myers,742-89-8407,"PSC 8688, Box 7016
APO AP 58663",N,hours
396,Matthew Garcia,255-63-3905,"94733 Martin Union
New James, FM 97268",N,hours
397,Andrew Morton,405-28-0218,"964 Taylor Gardens Apt. 032
West Mariaport, MO 73032",Y,miles
398,Norma Fletcher,733-26-5051,"22681 Christopher Skyway Suite 671
Taraberg, MH 04784",Y,miles
399,Donna Rodriguez,642-34-3771,"53316 Kristen Junction
North Staceyview, FL 09654",Y,miles
400,Gabrielle Sutton,215-78-2168,"726 Andrea River Apt. 112
Carolville, CA 41573",N,hours
401,Theodore Robinson,763-62-7029,"USNS Espinoza
FPO AE 87514",Y,miles
402,April Medina,621-70-0514,"90100 John Forks Suite 046
Marktown, AR 92133",N,hours
403,Benjamin Guzman,225-27-0177,"737 Carlos Plains Suite 129
Moorestad, GU 46456",N,miles
404,Angela Norris,514-38-1903,"2000 Contreras Falls Apt. 244
Christophershire, CA 08437",N,miles
405,Nicholas Matthews,085-31-7939,"8375 Richardson Rest Suite 549
Chelseyland, VI 92038",N,hours
406,James Johnson,619-12-9494,"64694 Walker Causeway
East Scotthaven, AL 66314",N,hours
407,Brooke Burns,083-28-0419,"5509 Hernandez Harbor
Paulchester, MT 85871",Y,hours
408,Shelley Stephenson,518-74-6450,"957 Evans Terrace
New Jacob, ID 51577",Y,hours
409,Scott Jones,287-99-6112,"4297 Laurie Run
Marctown, KY 59425",N,hours
410,Adam Sharp,599-90-3149,"429 Tiffany Mission Suite 716
Torresburgh, NV 32619",Y,hours
411,Eric Cain,183-61-2055,"30812 Fletcher Heights Apt. 191
Kathleentown, CA 99659",Y,hours
412,Keith Reed,390-17-4842,"5782 Keith Station
Lake Brittany, WA 15664",Y,miles
413,James Browning,721-32-2301,"2972 Miller Spur Apt. 473
Jacobmouth, DC 77762",Y,miles
414,Lisa Wise,792-20-6017,"07686 Brian Walks
Edwardston, ND 20529",N,miles
415,Adam Monroe,453-49-0196,"38791 Elizabeth Prairie Apt. 402
North Adam, HI 37703",Y,hours
416,Ray Graham,640-02-0996,"657 Wells Crescent
New Kellyborough, WI 33831",N,hours
417,Jaime Leon,883-38-7647,"6227 Victor Manor
East Robertbury, OH 52877",N,miles
418,Jacob Tate,670-90-3052,"9455 Kari Club Suite 957
Daisymouth, WI 55123",N,hours
419,Kathy Chambers,113-63-3006,"8894 Jonathan Plaza Suite 581
East Anna, WA 63051",Y,miles
420,Alvin Sloan,038-71-6829,"293 Vicki Ranch Suite 852
New Jenniferton, VI 42424",N,hours
421,Katie Tanner,177-48-9246,"951 David Parkway Suite 486
Goodwinchester, MS 55988",N,miles
422,Angel Thomas,312-46-9300,"360 Harris Inlet
Port Amber, AS 65336",Y,hours
423,Brittney Estrada,568-68-9098,"0253 Douglas Forest
Robertmouth, HI 36053",Y,hours
424,Angela Mccarthy,021-25-0560,"435 Kline Brooks Suite 394
West Sandrafurt, TN 68729",N,miles
425,Mrs. Samantha Moran,202-11-4891,"8088 Young Station
Matthewshire, FM 10365",N,miles
426,Maria Taylor,423-82-0150,"818 Kelley Valleys Apt. 428
South Lori, FL 77068",N,miles
427,Michelle Frazier,045-30-2382,"70910 Terrence Fords Suite 996
Lorichester, TN 68611",Y,hours
428,Michelle Hill,458-44-6185,"93803 Luke Ridge
New Robert, VI 66128",N,hours
429,Jose Watson,665-76-9452,"790 Middleton Keys
Norrisport, CO 15194",N,hours
430,Samuel Matthews,413-58-0399,"608 Molina Ranch Apt. 148
North Christopher, GA 37682",N,miles
431,Gary Farmer,628-44-1976,"31081 Gonzalez Estate
Emilyhaven, IN 43752",Y,hours
432,Brooke Reed,786-24-7897,"PSC 9160, Box 4108
APO AA 09334",Y,miles
433,Jared Love,759-28-1210,"79175 Elizabeth Fields Suite 630
East Robin, WY 28606",N,hours
434,Ricky Johnson,758-32-6349,"115 Hernandez Lights Suite 861
Edwardsstad, ID 77104",Y,miles
435,Tina Reed,201-31-3513,"5739 Smith Keys
New Diamond, MO 30522",Y,miles
436,Melanie Carlson,373-01-8413,"729 Jenkins Ferry
Martinezberg, AK 60227",Y,hours
437,Kayla Rodriguez,791-79-8809,"5252 Caleb Flats
Lake Susan, MN 00601",N,hours
438,Angela Hobbs,307-93-5476,"7891 Lauren Junction Apt. 618
Jodyland, PW 48679",Y,hours
439,Douglas Harper,718-47-1155,"79264 Jesus Fields
New Christopher, DE 08068",Y,hours
440,Kerri White,494-43-8973,"377 Garcia Centers
South Daniel, TN 71611",Y,miles
441,Kevin Berry,491-33-9831,"38576 Sarah Isle Apt. 570
Brendamouth, NV 66066",N,hours
442,Jordan Mccarthy,272-01-0438,"PSC 0065, Box 3531
APO AA 36047",N,miles
443,Nicole Chandler,446-49-8712,"0703 Rick Pike
East Kellystad, AS 38912",N,hours
444,Dale Chandler,177-62-2684,"584 Cook Forest Suite 728
Josephtown, LA 65681",Y,miles
445,Tammy Kaiser,135-60-0536,"0503 Griffin Dam
Port Shawn, IA 12504",Y,miles
446,Nicole Webb,480-54-7507,"0365 Brandon Village Apt. 863
Danielhaven, PA 93439",N,hours
447,Kristina Thomas,182-57-6933,"17168 Cooper Isle
Solistown, MT 17392",Y,hours
448,Matthew Martin,185-84-1690,"5250 Bass Squares
Lake Jaimeview, IL 41475",Y,hours
449,Marc Bradshaw DVM,312-06-6159,"358 Edward Key Apt. 445
Lake Samuelstad, VA 59379",Y,hours
450,Mariah Crawford,570-55-0229,"60251 April Parks
East Fred, CO 29274",N,miles
451,Jamie Nguyen,835-16-6673,"820 Sullivan Falls Apt. 937
Zunigaburgh, MT 80779",N,miles
452,Mary Wright,740-49-6209,"8346 Dalton Village
East Donna, MS 30270",N,miles
453,Charles Hall,139-52-9909,"USNV Bradley
FPO AE 65885",N,miles
454,Robert Green,007-16-5061,"1551 Olson Turnpike Suite 211
North Megan, HI 68125",N,miles
455,Mario Christensen,360-20-7000,"55717 Susan Mountain
New Collin, PW 54048",N,miles
456,Ashley Chavez,511-02-7161,"86340 Jennifer Mount Apt. 011
Jonathanfort, NV 27645",N,hours
457,Kyle Rodgers,016-69-0590,"5124 Marc Crescent
Priscillaborough, NM 90733",N,miles
458,Chase Lynch,365-46-0931,"3891 Andrew Crossing Suite 009
Taylorton, LA 10594",Y,miles
459,Jennifer Briggs,394-14-8869,"82628 Dillon Islands
Debrastad, PW 53810",N,hours
460,Jesse Hernandez,816-69-4790,"204 Anthony Ports Apt. 982
East Adambury, AS 88258",N,hours
461,James Mcintyre,384-79-4388,"Unit 3662 Box 5536
DPO AA 25600",Y,miles
462,Elaine Bartlett,641-79-8339,"PSC 7600, Box 2053
APO AA 79995",Y,miles
463,Heather Daniel,878-98-8783,"810 Jackson Isle Suite 125
East Daniel, AS 04759",Y,miles
464,Diana Meyer,759-54-6155,"3383 Robbins Summit
Baileyshire, AK 58739",Y,miles
465,Daniel Blackwell,463-44-1954,"PSC 2933, Box 2928
APO AE 34761",Y,miles
466,Vincent Elliott,137-67-7430,"5721 Anderson Hills
Gomezhaven, NY 62533",Y,hours
467,Bobby Johnson,836-40-3862,"6558 Haas Well
Brownfurt, GA 56689",N,miles
468,Jordan Baker,624-14-9521,"627 Owen Gardens
South Johnmouth, OH 97735",N,miles
469,Peter Schultz,754-56-9109,"7801 Stanton Locks
West Michaelview, MH 17362",Y,miles
470,Austin Weber,517-12-5133,"813 Timothy Corners
Frazierburgh, ID 87269",Y,hours
471,Patrick Jones,081-86-6450,"4363 Danielle Passage Apt. 253
Port Laurachester, MP 35887",N,miles
472,Sara Price,094-47-2042,"99633 Garcia Falls
Port Vickiside, MP 19482",N,hours
473,Janet Dawson,151-04-8417,"PSC 5155, Box 4346
APO AA 72293",N,hours
474,Brian Bell,211-06-4745,"PSC 1215, Box 4712
APO AP 57701",N,miles
475,Mrs. Susan Smith,220-29-9718,"716 Torres Square
North Robert, ID 57650",N,miles
476,Yesenia Wood,194-34-5431,"2064 Ramirez Stravenue
Kimberlyside, CO 86478",N,hours
477,Kara Johnson,778-61-4541,"99089 Shawn Center Apt. 239
Deniseport, SC 20328",N,miles
478,Julie Cohen,346-36-9410,"192 Carter Inlet
South Jeffreyhaven, NV 60761",N,hours
479,Robin Jackson,379-56-5840,"Unit 2850 Box 5267
DPO AP 21832",Y,hours
480,John Mcdaniel,879-68-0730,"Unit 9983 Box 5561
DPO AP 84481",Y,miles
481,Kathy Robinson,667-26-9359,"609 John Prairie Apt. 598
Castroland, AK 41425",Y,miles
482,Mary Randolph,711-40-6002,"8308 Carol Burg Apt. 377
Port Jamie, MA 56717",N,hours
483,Laura Moore,214-61-7812,"2027 John Gardens
Port Kyleborough, MP 91172",Y,miles
484,Timothy Wright,421-92-4213,"0131 Townsend Bypass Apt. 450
Maciasport, AS 76853",N,miles
485,Paula Howard,631-18-9019,"130 Smith Pass Suite 276
South Amyborough, DE 97015",Y,miles
486,Joseph Chung,743-71-9406,"43245 Robert Manors Suite 542
Mccoystad, TX 75549",Y,hours
487,Amanda Solis,540-65-2713,"5141 Albert Viaduct
Allisonberg, OK 87617",N,hours
488,William Castro,831-86-1497,"871 Daniel Spurs
North Randyfort, NC 73621",Y,hours
489,Christina Ayala,682-32-5240,"89706 Schaefer Cliff Suite 199
Olsonview, IN 93395",Y,miles
490,Misty Russo,679-29-2814,"21250 Matthew Burgs Suite 998
Morenoburgh, OR 54693",Y,miles
491,Grant Cunningham PhD,242-18-7514,"Unit 3067 Box 4167
DPO AE 29391",N,hours
492,Molly Perez,370-66-4914,"582 Cheryl Spurs
South Markhaven, AL 89212",Y,miles
493,Kimberly Hoffman,770-05-8944,"838 Christina Shore
Jessicafort, NM 48794",N,hours
494,Sharon Farmer,272-56-4664,"01998 Byrd Trace
Welchport, OH 09712",N,miles
495,Jennifer Rose,719-55-9255,"665 Gregory Flat
Port Jessicaland, VA 37816",Y,miles
496,Pamela Miller,047-87-3202,"Unit 4383 Box 6074
DPO AP 47218",N,miles
497,Bobby Miller,439-36-4977,"5790 David Unions Apt. 533
Christopherchester, SC 46382",N,hours
498,Charles Martin,842-65-2938,"009 Joseph Cliffs
West Eric, AK 58389",N,miles
499,Yvonne Lee,744-03-4953,"PSC 9487, Box 0485
APO AP 84261",Y,hours
500,Alexander Simmons,435-14-7450,"637 Taylor Path
Melissashire, IA 26052",N,hours
501,Susan Atkins,547-16-5438,"PSC 5026, Box 0602
APO AP 55859",Y,miles
502,Michael Richardson,591-99-6085,"16463 William Freeway Suite 080
West Lauren, DE 68844",Y,hours
503,Lisa Jackson,737-48-9826,"USNV Wheeler
FPO AE 86245",N,miles
504,Sharon Harris,112-70-1302,"1576 Thompson Streets
Mcguirebury, UT 49391",Y,hours
505,Michele Alvarez,215-41-6568,"5964 Kathy Green
Valerietown, WA 67338",Y,hours
506,Keith Hatfield,164-79-9830,"698 Erin Cliffs
Lake Nicole, DC 43090",Y,miles
507,Randall Ramirez,854-63-0762,"81530 Salazar Alley Apt. 916
East Jennifer, NJ 96398",Y,miles
508,Shane Curtis,550-38-8264,"430 Jason Hills Apt. 356
Johnsonton, WA 25214",Y,hours
509,Mrs. Samantha Sims,226-89-4282,"6146 Mendez Court
New Sarahchester, NV 16083",N,miles
510,Juan Barker,628-82-1195,"1146 Megan Brooks Suite 236
Blaketown, PR 61549",N,miles
511,Adam Pena,195-17-3905,"72578 Mia Manor Suite 261
New Kennethshire, PA 50933",Y,hours
512,Mrs. Melissa Haley,783-84-4723,"7342 Jackie Fort Apt. 827
East Nathan, NY 27364",Y,hours
513,Mr. Thomas Smith III,415-49-4808,"343 Gonzales Springs Apt. 885
Duncanshire, KY 00935",Y,hours
514,Haley Jimenez,434-79-2576,"5307 Hess Villages Suite 141
South Andrew, NM 82355",Y,hours
515,William Robinson,096-88-7566,"156 Adams Ranch
West Robert, HI 68784",N,miles
516,Leslie Washington,873-09-8170,"38263 Perry Canyon Suite 631
Georgeburgh, NJ 86716",N,miles
517,Brad Campos,214-20-7966,"824 Kendra Village Apt. 242
Wilsonfurt, PA 75104",Y,miles
518,Erica Lambert,285-35-8319,"3991 Garrison Street
Lake Thomas, MP 65817",Y,miles
519,Ronald Fox,304-79-3571,"48502 Samuel Cove Apt. 001
South Leslie, HI 78451",N,miles
520,Billy Wade,094-57-3445,"983 Stark Prairie
East Hunter, NV 95416",N,miles
521,Mark Green,141-54-6454,"20953 Porter Vista Suite 469
West Pamelashire, SD 62240",N,miles
522,James Guzman,341-29-8909,"36924 Johnston Stream
Vaughanville, IN 99192",N,miles
523,Ricky Holder,439-66-8884,"246 Perez Plain
South Bianca, CO 87088",Y,hours
524,Andrew Michael,822-41-0785,"820 Marcus Mount
East Katherine, DE 41623",Y,hours
525,William Randall,463-90-1026,"31334 James Neck Apt. 190
Lake Lindsey, WI 69103",Y,miles
526,Jessica Adams,732-63-8381,"USNS Fleming
FPO AE 02707",Y,hours
527,Crystal Smith,507-95-2869,"405 Palmer Gateway Apt. 086
Annaview, MA 09519",Y,miles
528,Christine Johnson,288-28-8859,"324 Steven Plaza Apt. 017
Mclaughlinland, NV 53097",N,hours
529,Nina Burton,557-56-0889,"372 Hubbard Streets Suite 196
Graymouth, KY 44967",N,miles
530,Dana Dixon,250-26-6378,"85006 Hancock Lakes
Melissamouth, FL 47625",N,miles
531,Jeffrey Parker,354-33-7466,"1306 Myers Pines Suite 131
Pittmanhaven, DE 37698",Y,hours
532,Christopher Gentry,881-05-4783,"7190 Mikayla Inlet Suite 090
Lake Amyborough, CT 87504",Y,miles
533,Crystal Ramsey,608-31-5086,"193 Cheryl Lodge
West Angela, SC 39196",N,miles
534,Douglas Mckinney,625-98-1334,"12825 Sheila Orchard
Karenborough, FL 32015",N,hours
535,Calvin Coleman,255-16-8467,"108 Alexis Wells Suite 756
Coreyland, NC 83942",Y,miles
536,Alexander Thompson,653-06-8388,"313 Harris Junctions
South Edwardmouth, SD 82827",Y,miles
537,Laura Bell,523-40-2133,"094 Francis Pines Suite 777
Chelseafort, SC 59455",Y,miles
538,Donald Monroe,345-83-4752,"317 Mccarthy Wells Apt. 246
Andrewburgh, WI 13014",Y,hours
539,Jasmine Chapman,114-53-7484,"PSC 4278, Box 9846
APO AP 31563",Y,miles
540,Courtney Nunez,726-68-7944,"2154 Stanley Bridge
South Wendy, AR 82554",N,hours
541,Richard Dickerson,520-53-6171,"662 Wilkinson Spurs
Lake Thomas, GU 73163",Y,hours
542,Matthew Roberts,367-36-1694,"32681 Katherine Plaza
Port Krystalmouth, LA 37426",Y,hours
543,Jennifer Maldonado,880-37-1097,"0494 Robinson Circle
Josephmouth, SD 35253",Y,hours
544,Keith Shepard,103-26-5427,"0891 Matthews Village
West Ericberg, WY 39015",Y,miles
545,Eric Garcia,847-57-2585,"PSC 4107, Box 9438
APO AE 27673",N,hours
546,Drew Frazier,857-59-1885,"319 Griffin Mall
Garrettfort, NC 34116",N,miles
547,Robert Smith,229-60-9070,"41684 Carl Crossroad
Davidborough, NC 37323",N,miles
548,Jacqueline Cannon,405-97-3425,"764 Green Views
East Rhondaview, DC 85031",Y,miles
549,Patrick Jimenez,227-87-4441,"023 Daniel Burgs Suite 778
Lake Joeshire, MA 38854",N,miles
550,Cindy Bryant,858-14-7355,"209 Smith Shore Apt. 462
New John, VA 33056",N,hours
551,Chelsea Mendez,777-51-1387,"583 Berry Islands Suite 516
West Tracy, NC 69528",Y,miles
552,William Austin,729-21-4683,"986 Farley Meadow Suite 097
South Seanstad, SD 02806",N,miles
553,Matthew Mercado,456-68-5960,"Unit 1542 Box 3292
DPO AE 14585",Y,miles
554,Alyssa Walton,187-41-5329,"267 Cervantes Meadow Apt. 596
Bentleyshire, MA 75158",Y,miles
555,Michael Harris,694-24-2155,"6021 Smith Fields
Lake Monica, LA 40854",N,hours
556,Pamela Miller,073-44-0787,"56216 Gonzalez Crossroad
West Robertmouth, GA 97605",N,hours
557,Chelsea Holmes,357-60-7551,"PSC 7099, Box 3989
APO AP 84632",Y,hours
558,Cesar Cole,691-47-9380,"65294 Erin Via
Michaelburgh, AS 42107",N,hours
559,Patricia Bailey,856-05-3390,"774 Lee Shoal
Port Peter, AS 23362",Y,miles
560,Shannon Chung,775-48-9100,"366 Lori Via Suite 040
Smithland, DC 77205",N,hours
561,George Cooke,735-99-3230,"84904 Jessica Camp
Paulborough, ND 86417",N,hours
562,Denise Mcbride,354-33-0952,"96045 Patel Crescent Suite 809
Port Ryanport, OR 72056",Y,miles
563,Michael Ellison,650-25-2465,"036 Brenda Junction
West John, TX 59499",Y,hours
564,Colleen Anderson,688-46-8925,"134 James Falls
Greenport, WA 83661",N,miles
565,Patricia Smith,199-81-8558,"30603 Christopher Isle Apt. 460
Berryview, MA 75575",N,hours
566,Anthony Brown,484-57-0708,"26399 Lee Rest
New Deborahstad, DE 37984",Y,miles
567,Brittany Stevens,837-56-6592,"4579 Roberts Valley Apt. 854
Hopkinshaven, SC 49041",N,miles
568,Paula Robles,710-66-2225,"24294 Ramirez Greens
Cynthiabury, AR 54678",N,miles
569,Lauren Edwards,176-13-9939,"2951 Mccoy Brooks Suite 934
North Jeanneshire, HI 87660",N,miles
570,Madison Patrick,850-48-1664,"58639 Hall Via Suite 166
Grantstad, NH 19325",Y,hours
571,Alan Colon,732-12-4284,"446 Cody Plaza Apt. 916
Harperfurt, DC 50422",N,hours
572,Caitlyn Reed,424-85-9356,"8600 Williams Stravenue Suite 001
North Peter, RI 26002",Y,miles
573,Daniel Garrett,388-94-3971,"82797 Jackson Island
Jennyberg, WI 35958",N,miles
574,Eric Richmond,808-36-7464,"6522 Wright Valley Apt. 240
Jasonbury, MA 19901",Y,miles
575,Ashley Bautista,881-76-9215,"082 Moore Dale
Robinsonfort, ID 30093",N,miles
576,Sabrina Brewer,518-11-8332,"446 Morris Trafficway Suite 785
Robinsonburgh, KY 18562",Y,miles
577,Abigail Parker,177-31-3562,"108 Kyle Meadow Suite 856
Alisonfort, ID 56695",N,hours
578,Margaret Meyer,645-65-1068,"Unit 1601 Box 5756
DPO AE 92809",Y,miles
579,Douglas Baker,238-78-6973,"39058 Brooks Forks
Wesleyshire, AR 91015",N,miles
580,Mary French,066-53-6677,"43078 Hebert Extension Suite 616
South Diana, LA 34839",N,hours
581,Julie Peterson,884-59-5335,"51485 Sarah Hills
Valenciastad, CT 72160",Y,hours
582,Nicole Jordan,466-53-6888,"593 Robert Station
Berrychester, MA 61681",N,miles
583,Carl Brown,622-98-0085,"3527 Krystal Crescent
Underwoodland, CO 98624",N,hours
584,Ian Vincent,498-19-5380,"USCGC Montes
FPO AA 72248",Y,miles
585,Janice Green,509-80-9846,"6455 Stephenson Forest
Michaelport, GA 11778",N,hours
586,Brandon Johnson,841-76-9804,"PSC 3425, Box 4165
APO AE 90176",N,hours
587,Melissa Walker,213-84-2793,"11834 Gibson Roads Apt. 264
Josephview, CT 22497",Y,miles
588,Gary Pace,229-34-0475,"PSC 9281, Box 3914
APO AE 29902",Y,miles
589,Jennifer Ferrell,612-69-4917,"7237 Adrian Road Suite 028
West Davidmouth, ND 39367",N,hours
590,Gabriel Curry,841-99-7567,"43697 Beard Viaduct Suite 097
Port Howardfurt, KS 74748",N,hours
591,Debbie Daniel,448-60-7142,"2952 Floyd Mills
East Dennisstad, PR 93296",N,hours
592,Jenna Graves,621-77-9395,"186 Pope Squares
Jessicashire, NV 20891",Y,miles
593,Heather Torres,110-37-4173,"41653 Bailey Alley Suite 353
West Paul, OR 17541",N,miles
594,Daniel Lewis,022-31-0225,"88945 Salas Center
Carneystad, NC 52704",N,hours
595,Ariana Wolf,529-22-6859,"642 Murphy Plain
New Jacobstad, MO 88908",Y,hours
596,Rhonda Smith,513-51-3332,"3623 Walker Stream
Thomasstad, ME 20201",Y,hours
597,Brooke Lopez,186-85-6265,"41337 Jonathan Track Apt. 164
East John, MS 11581",N,miles
598,Lisa Norris,252-04-2748,"80217 Cuevas Shores
Gregoryfurt, MP 57460",N,miles
599,Brianna Marshall,267-05-0025,"911 Taylor Locks
Gibbsborough, MN 69619",Y,miles
600,Lisa Riley,370-63-8163,"3878 Willie Springs Suite 099
West Jessicatown, CT 56569",N,hours
601,Melanie Wells,738-38-3897,"62769 Baker Camp
Olsonhaven, MD 94484",Y,miles
602,Kelly Walsh,333-48-9376,"3446 Nicholson Freeway
North Michaelbury, ID 06900",N,hours
603,Lindsay Palmer,687-91-0022,"223 White Terrace Suite 323
Mcneilland, MI 63232",N,miles
604,Nicole Phillips,846-14-8938,"918 Michael Keys Suite 333
Santoschester, AR 15519",Y,miles
605,Amanda Smith,426-67-7864,"4795 Timothy Lane
Port Jasonville, MO 21480",N,miles
606,Andrew Young,463-43-6639,"03891 Davis Isle Suite 399
Bonillaburgh, IN 15002",N,hours
607,Shawn Levy,745-37-1297,"5298 Luis Court
North Cynthia, NH 28871",N,miles
608,Ashley Williams,578-44-3977,"USS Lindsey
FPO AA 96028",N,miles
609,Christopher Hayes,572-52-6634,"1027 Walker Loaf Apt. 430
East Stephanieland, CO 92910",Y,miles
610,Philip King,052-35-0878,"2886 Patricia Flats
Brandimouth, HI 79428",Y,hours
611,Benjamin Rodriguez,252-44-5305,"80913 Miguel Lakes
Ericaland, CO 52131",Y,miles
612,Barbara Moody,088-39-6860,"359 Peter Walks
Lake Ryan, CT 33317",Y,miles
613,Christina Gibson,887-03-6727,"84920 Miller Fall
Andreaport, VI 28360",Y,miles
614,Curtis Smith,778-97-2398,"757 Mary Roads
East Michaelmouth, GU 70875",Y,miles
615,Megan Owen,625-29-7907,"Unit 5169 Box 8752
DPO AE 96253",N,miles
616,Aaron Harris,832-81-1598,"1652 Prince Courts Suite 447
Gregoryport, IL 56766",N,hours
617,Colleen Riggs,585-08-9326,"7780 Reyes Island
Lake Tracy, GA 27636",Y,miles
618,Ian Murray,090-39-9185,"USNS Morse
FPO AA 62631",N,miles
619,Christopher Baker,008-40-9700,"Unit 2926 Box 9636
DPO AE 05405",N,miles
620,Teresa Huerta,706-17-3281,"08314 Michael Curve
Sethfurt, TN 93667",Y,miles
621,Kyle Key,895-07-1576,"1479 Stephanie Branch
Kleinside, SD 40383",Y,miles
622,Mark Williams,597-44-4717,"13979 Meyer Divide Suite 875
Taylorburgh, OR 69681",Y,hours
623,Jennifer Martinez,544-86-4982,"15023 Carter Loaf
Port Victoria, MO 17147",Y,miles
624,Jacob Mason,475-13-3311,"363 Johnson Mall Apt. 099
Simpsonport, LA 27792",N,hours
625,Matthew Ford,701-59-2749,"1743 Jones Via Suite 549
Franklinport, HI 98159",Y,hours
626,Anthony Johnson,161-37-8861,"999 Christensen Pass
Joshuamouth, DE 17444",Y,miles
627,Dr. Shannon Lloyd,308-87-5135,"47823 Burgess Fords
Amandamouth, HI 53750",N,miles
628,Carol Rowe,042-84-3651,"9742 Price Squares
Johnsonmouth, FL 48056",N,miles
629,Ashlee Smith,710-72-5501,"41319 Amy Mountains Suite 279
Daltonchester, NV 63917",Y,hours
630,Hunter Sellers,884-90-8779,"8383 David Hill Suite 623
West Melissafurt, TN 93833",N,hours
631,Chad Lowe,725-70-5741,"805 Ho Mountains
Rachelbury, MN 39639",N,hours
632,Ernest Robles,155-49-4056,"828 Wright Row Suite 768
Helenstad, OH 32925",Y,miles
633,Daniel Burnett,306-47-1725,"3992 Carolyn Garden
South Justin, IN 20220",Y,hours
634,Gary Rodriguez,800-59-1814,"52261 Wendy Turnpike
South Jean, SC 26209",Y,miles
635,Keith Barnett,520-43-7926,"66139 Darrell Parkways Suite 071
West Vanessa, CT 12269",N,miles
636,Jacqueline Hill,759-27-1656,"571 Rose Ridges
East Julieside, OR 40767",N,hours
637,Larry Johnson,135-37-8090,"41668 Beltran Fall
New Dominic, WI 65296",Y,miles
638,Justin Miller,380-48-7520,"798 Thompson Views Suite 285
Wallacefort, NV 90805",Y,miles
639,Katherine Morgan,838-09-0789,"793 Ariel Dale
Evansbury, OR 78411",Y,miles
640,Samuel Smith,354-78-5177,"317 Gutierrez Dale
North Brandonside, OH 78316",Y,hours
641,George Burns,288-56-0684,"522 Cross Squares Apt. 835
Samanthaland, FM 57756",Y,miles
642,Jennifer Montgomery,579-24-5090,"47570 Parks Union
Port Monica, NC 65016",N,miles
643,Suzanne Long,068-45-8688,"909 Moore Hollow Apt. 530
Karaberg, AZ 78573",Y,miles
644,Joshua Sanchez,665-97-2973,"7953 Tracey Gateway Suite 682
Tylerfurt, CT 65390",N,hours
645,Christian Garcia,101-59-9851,"471 Wu Fort Suite 184
Lake Michaelland, ND 07771",Y,miles
646,Sharon Phillips,419-79-1581,"671 Natalie Avenue Apt. 402
South Richardport, FM 16140",Y,hours
647,Gary Wilson,608-60-0050,"06916 Miller Wall
Paulhaven, RI 34435",N,hours
648,Lauren Medina,667-18-5422,"4496 Mary Alley Suite 371
Trevorstad, IN 66436",N,hours
649,Roberto Espinoza,536-75-4602,"50957 Heather Trafficway
Gregoryberg, ND 95749",Y,hours
650,Melissa Miller,154-74-7201,"830 Stone Plains
New Monica, VT 24413",Y,miles
651,Sharon Howard,340-03-5855,"295 Leonard Ramp
Melissaland, IA 66375",N,hours
652,Carla Vasquez,545-24-7513,"Unit 6891 Box 3259
DPO AE 44576",Y,hours
653,Veronica Burns,498-79-9656,"5467 Wright Tunnel Apt. 384
Romeroshire, IA 87046",N,hours
654,Barry Bradley,566-02-9777,"074 Andrea Groves
Garciaberg, SC 20771",Y,hours
655,Amber Owens,006-86-3285,"04773 Cheryl Mountain Suite 927
North Aliceville, CO 73803",Y,hours
656,Lisa Velazquez,140-29-6474,"94624 Caitlin Corners
Gamblestad, UT 68645",N,miles
657,Martin Lane,604-87-6043,"951 Harrison Underpass
Lake Sarahland, RI 37372",N,hours
658,Allison Johnson,474-50-1331,"54763 Jasmin Branch
East Tashabury, ME 47297",N,hours
659,Laura Jensen,308-20-3096,"615 Richard Bridge Suite 462
Bradytown, NY 81505",N,miles
660,Anna Irwin,455-87-5298,"179 Barbara Union
Port Stephaniemouth, NC 71680",N,hours
661,William Watkins,040-92-1933,"276 Bradley Cliffs
South Stacyfort, KS 34205",N,hours
662,Allison Williams,202-15-9297,"994 Roman Vista Suite 674
Port Melissaborough, NH 67166",N,miles
663,Kimberly Williams,535-07-9188,"9598 Decker Field Suite 671
West Kristenport, AR 57718",N,miles
664,Kelly Rivera,290-49-0214,"19392 Troy Hills Suite 758
Barbaratown, UT 49742",Y,hours
665,Laura Lopez,503-99-5553,"0673 Bowman Well
East Kyleberg, TN 19729",Y,hours
666,Michele Campos,774-91-2418,"USS Acosta
FPO AP 18000",N,miles
667,Leah Flores,428-74-8662,"495 Stacy Stream
South Tylertown, MO 58536",Y,hours
668,Mark Anderson,634-21-5321,"08136 Mark Stravenue Apt. 594
Jacksonville, MP 16971",Y,hours
669,John Lang,745-94-6047,"84847 Harvey Cove Apt. 589
Randallside, IA 74331",N,miles
670,Nicole Henry,064-63-3001,"955 Christopher Points
Jennifershire, SC 50498",Y,hours
671,Aaron Lane,496-17-5892,"549 Sara Plaza
Nancychester, CO 80563",N,miles
672,Jacqueline Brewer,565-88-6498,"USNV Hodge
FPO AE 10551",Y,miles
673,Sharon Dixon DVM,262-71-8525,"2265 George Key
Edgarmouth, VT 28251",N,miles
674,Margaret Wright,586-04-4100,"67990 Harris Station
Laurenshire, SC 45026",N,hours
675,Jeffrey Fisher,701-95-4476,"USNV Arnold
FPO AE 57667",N,miles
676,Michelle Mcfarland,352-14-6346,"31538 Lauren Union
Brianbury, WI 93477",N,miles
677,David Kent,181-20-5226,"Unit 3681 Box 2101
DPO AE 10103",N,miles
678,Joseph Sims,533-89-2185,"316 Leslie Rest
West Nicholas, FM 18765",Y,miles
679,Keith Morris,834-21-0273,"10643 Danielle Roads Apt. 654
East Loriport, VA 94678",Y,hours
680,Robert Jones,185-59-2458,"41238 Johnson Lake
Benjaminberg, WV 81701",Y,miles
681,John Wagner,490-60-2607,"2378 Baker Mountains Apt. 703
Port Marthaton, CA 44336",Y,miles
682,Angelica Houston,308-09-1866,"6495 Blevins Overpass Apt. 051
Ortizfurt, AS 58455",Y,hours
683,Lisa Gray,156-57-6254,"6508 Gabriel Prairie
Wilsonton, CT 15099",N,miles
684,Dwayne Johnson,555-23-2985,"02517 Jonathon Forge
North Jordan, HI 79375",Y,miles
685,Christopher Smith,210-77-4541,"6984 Edwards Falls
Brandonmouth, VT 95148",Y,hours
686,Ronald Miller,329-16-4405,"1610 Luis Court
Georgeland, IL 43544",Y,hours
687,Taylor Bradshaw,190-63-1269,"589 Jacqueline Bypass
Priceton, NE 34024",N,hours
688,Kelsey Johnson,166-55-3116,"581 Bradley Avenue Apt. 469
Robertmouth, CA 54700",N,miles
689,Susan May PhD,593-78-0290,"55724 Bartlett Fields
Dianachester, FL 52172",Y,hours
690,Patrick Richards,822-63-8673,"083 Deborah Branch
Melissaport, PA 41087",N,hours
691,Angela Brown,314-58-6075,"41246 Wong Glen
Jamesview, SC 99903",N,miles
692,Holly Le,363-56-9506,"3373 Wanda Ports
New Shirley, NE 16671",Y,miles
693,Blake Sanchez,326-16-2946,"7957 Clark Ports
Teresachester, GU 99132",N,miles
694,Luke Miller,344-95-2612,"791 Dylan Drive Suite 785
West Raymond, NY 73283",N,hours
695,Robert Jordan,203-09-6902,"72140 Charles Mews
Shannonside, DE 05146",Y,miles
696,Adam Wilkerson,217-52-8295,"9563 Ramos Fords Suite 034
Martinezville, TN 18907",N,hours
697,Robert Elliott,881-76-4149,"792 Roberto Knolls Apt. 476
Alexisburgh, AR 19156",N,miles
698,Mary Brown,844-34-0447,"342 Madison Hills Apt. 066
Adamport, NV 15446",Y,miles
699,Breanna Snyder DDS,263-08-3520,"USS Powell
FPO AE 90463",N,hours
700,Amanda Olson,682-40-2188,"1891 Sarah Heights Apt. 743
Lake Charlesland, VA 27901",Y,miles
701,Nancy Hernandez,315-95-2253,"3498 Jones Causeway
Port Tammiemouth, KS 28580",N,miles
702,Danielle Smith,599-80-4701,"942 Mclaughlin Village
Jacobton, AR 10359",N,miles
703,Kylie Martinez,813-08-7795,"PSC 7697, Box 3302
APO AE 19712",N,hours
704,Jennifer Garrison,736-55-2489,"66049 Jackson Vista
Jenniferport, ME 43172",Y,hours
705,Amanda Day,571-46-0035,"234 Tamara Crossroad Apt. 689
Bookerburgh, NV 88565",N,hours
706,Alexandra Hernandez,093-69-3242,"8686 Timothy Mission
Travisberg, MH 38892",N,miles
707,John Johnson,882-88-4871,"416 Ingram Meadow
Lake Jasonmouth, PR 46967",Y,miles
708,Breanna Wright,503-47-4171,"0774 Stephen Islands Suite 018
East Jackberg, IN 17979",N,miles
709,Brittany Jimenez,720-13-2106,"2252 Houston Stream Suite 111
Staceychester, VT 38811",N,hours
710,Sandra Adams,134-28-6453,"67395 Caitlin Square Suite 921
Brandonmouth, LA 29812",N,miles
711,Mr. Jason Lopez,391-69-9256,"2076 Thomas Street
Chadview, NH 66586",Y,hours
712,Amy Graham,120-06-7404,"5943 Garcia Ranch
Andrewton, MN 34410",Y,miles
713,Daniel Brown,466-12-7948,"2780 Berry Ranch Suite 635
Perezborough, OK 36376",Y,miles
714,Michael Murphy,721-46-5606,"1045 Andrew Loop
East Jordanfort, KY 61971",N,hours
715,Joseph Ibarra,593-79-2482,"94650 Alison Green Apt. 622
Robersonside, HI 25926",Y,hours
716,Kristy Jones,131-08-9752,"USS Greene
FPO AA 50698",Y,miles
717,Gregory Tucker,735-25-4995,"500 Katelyn Cape Apt. 784
Brandonburgh, CA 82520",N,hours
718,Jeffrey Brown,475-99-5675,"851 Jones Place
Port Jacqueline, NY 50739",N,miles
719,Ricky Newman,133-38-0827,"2367 Martinez Divide
Annettebury, IA 97090",N,hours
720,Donald Jackson,430-09-4578,"48023 Perkins Tunnel Apt. 433
New Robertfurt, IA 97524",Y,hours
721,Veronica Ellison,256-61-0042,"68057 Jorge Fields
Andersonstad, MS 24937",Y,miles
722,Sarah Collier,470-64-7125,"6805 Diane Row Apt. 732
Luisland, WI 37096",Y,hours
723,Earl Morris,280-22-8364,"Unit 2214 Box 3877
DPO AP 08225",Y,miles
724,Veronica Durham,499-18-2361,"PSC 1608, Box 9145
APO AP 75302",N,hours
725,Samuel Rice,850-90-3742,"7821 Martin Harbors
New Brianview, PW 49091",N,hours
726,Stephen Pittman,443-46-7725,"80084 Smith Meadow
Port Whitneyborough, HI 18095",Y,hours
727,Samantha Brown DVM,844-28-4628,"PSC 7771, Box 9245
APO AE 34175",N,miles
728,Christopher Garcia,127-99-8816,"83285 Smith Dam Apt. 936
West Allen, NC 93066",N,miles
729,Stephen Case,043-18-2215,"8122 Hopkins Light
New Michaelview, SC 46674",N,miles
730,Anne Santos,701-08-8269,"3787 Rodriguez Fords Apt. 463
North Andrewbury, NJ 92282",Y,miles
731,Deanna Frye,086-44-9544,"4665 Holmes Roads Apt. 207
Stokestown, NY 85819",Y,hours
732,Jennifer Moran,743-23-9465,"36148 Bell Rest Apt. 843
West Heather, MD 31845",Y,hours
733,Jordan Robertson,372-60-2377,"902 Travis Course Apt. 067
Jessicastad, AS 16404",N,miles
734,Lori Jones,338-56-7438,"688 Flowers Point
Bobland, IA 37360",Y,miles
735,Terry Austin,249-36-3307,"PSC 4369, Box 6995
APO AE 61448",N,hours
736,Whitney Lamb,778-75-4304,"40486 Perry Village
South David, NE 35337",N,hours
737,Jamie Grimes,406-70-1490,"8841 Chavez Hollow Suite 053
Comptonchester, NE 05432",Y,hours
738,Charles Edwards,606-09-4614,"490 Anthony Parkway
Davidtown, FL 08678",N,miles
739,Emma Cooper,740-17-7680,"78957 Emma Pass
Joneston, NV 42819",Y,hours
740,Katherine Simpson,844-24-4929,"468 Pacheco River
New Adrian, ND 00854",Y,miles
741,Michael Martin,251-31-1360,"USS Moore
FPO AP 46540",Y,hours
742,Justin Kennedy,130-34-9269,"786 David Street
Sherryborough, KS 96719",Y,miles
743,Austin Ward,301-52-0805,"0821 Wallace Cape
South Annafurt, DC 08912",N,hours
744,David White,314-81-2615,"8199 Tricia Dale
East Carlosshire, HI 45914",N,miles
745,Sarah Walton,472-45-0763,"005 Benjamin Terrace Suite 025
Amyland, VT 99624",Y,miles
746,Amanda Stout,225-59-1546,"74293 Yang Points Suite 739
Burnsmouth, UT 41356",Y,miles
747,Joshua Robinson,158-62-2445,"716 Anderson Fields Suite 403
Wallacestad, WV 81558",Y,miles
748,Melissa Evans,853-05-1165,"USNS Collins
FPO AE 09442",N,hours
749,Kristin Kelly,436-16-1409,"044 Ortega Ridge
Garyside, CT 26114",Y,hours
750,Justin Hernandez,599-43-2143,"99013 Shawna Greens
South Brian, KY 97921",N,miles
751,Kristin Williams,533-44-9720,"201 Long River
Josetown, WY 88312",Y,miles
752,Marc King,206-67-0011,"80381 Monica Plaza
Lake Jeff, OR 03104",N,hours
753,Catherine Schmidt,200-60-7871,"46303 Adkins Park
East Rebekah, NH 60440",Y,miles
754,Stephen Frey,454-60-6086,"54757 Potter Courts
Michaelside, CO 38514",Y,miles
755,Ricardo Freeman,385-66-9818,"USS Ferguson
FPO AP 11249",N,miles
756,Jasmine Bates,776-38-3099,"8626 Singh Mountains
West Brenda, CO 72094",Y,miles
757,Paul Cochran,407-82-9114,"753 Jake Isle Apt. 345
Elizabethside, VI 88218",Y,hours
758,Cameron Jones,259-80-2027,"23144 Sloan Trafficway Suite 914
Flemingberg, UT 26779",Y,miles
759,Cory Hooper,029-40-7689,"74106 Tammy Spur Suite 511
Huynhland, TN 33529",N,miles
760,Julie Cain,510-92-0955,"57588 Lindsey Park
East Christopher, TX 81106",N,miles
761,John Mccarty,068-87-3219,"648 Brian Pines Suite 104
Brownfort, WA 51885",N,hours
762,Mary Acevedo,222-36-9240,"853 Robinson Villages
West Gavin, PA 18866",N,miles
763,Kayla Thomas,080-16-7810,"298 Lee Drive
Gabrielleview, WV 28089",N,hours
764,Daniel Parsons,253-06-1548,"113 Robert Drives Suite 312
Port Christine, AZ 38316",Y,miles
765,Laura Johnson DVM,568-71-0445,"3482 Jose Manor
Timothyton, NM 15837",Y,miles
766,Jill White,649-07-0723,"558 Holland Course Suite 447
East Kristytown, ME 29898",N,miles
767,Denise Lang,593-39-6660,"9026 Troy Rapid Suite 969
East Bryanborough, MS 68263",N,miles
768,Jennifer Mitchell,103-14-3497,"2274 Martin Road
Gillespieborough, ME 57643",Y,miles
769,Joseph Parker,117-36-3275,"36014 Mcpherson Grove Suite 004
North Haleyborough, MA 87826",Y,miles
770,Mark Gonzalez,522-24-1392,"2876 Wells Union Suite 796
East Andrea, MA 59945",Y,miles
771,Casey Sanchez,274-65-7853,"0347 Williams Club Suite 744
Jacquelinetown, PW 00778",N,hours
772,Zachary Bell,228-63-8010,"717 Ana Curve
Lake Melissaborough, AK 93753",N,hours
773,Alexandra Davis,080-54-2329,"663 Benjamin Loop Apt. 152
South Joshuaborough, PR 65796",Y,hours
774,Jade Gray,428-49-8684,"1531 Shannon Route
West Jenniferbury, AS 17225",Y,hours
775,Devon Yoder,029-25-7194,"5553 Stewart Estates
Charlesstad, MT 60506",Y,hours
776,Gary Payne,672-43-9928,"6844 Lambert Port
Williamton, ID 50546",Y,miles
777,Donald Johnson,390-25-5350,"5215 Adrian Mission
South Dylanfort, VA 48860",Y,hours
778,Jennifer Franco,241-99-9683,"5291 Maldonado Oval
East Erika, HI 12387",N,hours
779,Mercedes Graham,364-62-3848,"4357 Williams Walk Suite 679
West Dawnborough, IA 44704",Y,miles
780,Jessica Washington,414-13-7929,"42396 Jeffery Circle Suite 275
Lake Stephanie, OR 56006",N,miles
781,Joshua Robinson,091-55-1208,"432 Sanchez View
New Donna, IL 19177",Y,miles
782,Carolyn Daniel,717-33-6594,"Unit 9064 Box 0194
DPO AP 92244",Y,miles
783,Shawn Castro,382-66-5573,"436 Andrew Fork
West Chadville, PR 91927",Y,miles
784,Samantha Arnold,273-85-4162,"769 Bryant Valley
East Christinaburgh, RI 54661",Y,hours
785,Brian Harris,353-40-6432,"2613 Sarah Land
Martinezchester, PW 36740",Y,hours
786,Christopher Garner,766-60-2880,"7658 Cooper Walk
Kevinview, MD 07946",Y,hours
787,William Merritt,061-43-5516,"477 Kelly Junctions
Wellsside, MO 90670",N,hours
788,Sonia Dunn,763-87-1598,"4930 Donna Courts Suite 347
Bakertown, SD 26974",Y,hours
789,Lauren Martin,480-30-4932,"5420 Karen Coves
Burtonside, PA 59265",N,miles
790,Breanna Adams,039-91-4196,"9330 Michael Station Suite 936
New Anneville, NH 71874",N,hours
791,Erica Haas,755-32-9350,"522 Jay Plains
South Hunter, DC 01339",N,hours
792,Richard Morris,355-37-0444,"64523 Rhonda Squares
South Toddberg, NY 43578",Y,hours
793,Sean Myers,237-52-2907,"47155 Alvarado Spur
Schroedertown, PR 36068",N,miles
794,Matthew Odom,528-22-5708,"261 Peterson Stream Suite 387
North Pamela, MO 53513",N,hours
795,Suzanne Collins,765-04-3589,"PSC 5779, Box 2619
APO AE 39819",Y,hours
796,Stephanie Edwards,169-74-9360,"15897 Nguyen Springs Apt. 129
West Savannah, UT 81661",Y,miles
797,Scott Fox,465-33-3548,"21588 Ramirez Squares
New Jacqueline, VI 25155",N,miles
798,Mark Johnson,308-40-5634,"36391 Dawn Keys
Thomasland, FM 10949",N,hours
799,Benjamin Roberts,795-35-3896,"79281 Christopher Plains
Singletonshire, DC 02993",N,hours
800,Mariah Brady,397-08-2217,"PSC 5065, Box 1704
APO AA 85365",Y,hours
801,Russell Doyle,747-58-4047,"Unit 4843 Box 8915
DPO AP 71053",Y,hours
802,Sean Smith,817-95-1049,"96285 Williams Track
Blankenshipborough, PW 24158",Y,hours
803,Alex Williams,263-24-0827,"587 Greene Roads Apt. 366
Hayesfurt, MH 21269",N,hours
804,Cynthia Cross,267-09-4629,"97693 Sarah Route Suite 416
Brownmouth, NH 04891",N,hours
805,Teresa Perez,679-89-7985,"841 Jason Isle Apt. 001
Lake Angela, CT 04577",N,miles
806,David Martin,749-80-1336,"08039 Wyatt Lodge
West Bethshire, DE 14467",N,hours
807,Elizabeth Arnold,095-68-0197,"38669 Sandy Springs
Port Gabriel, NH 52307",Y,hours
808,Jim White,385-47-8002,"640 Osborn Shore Suite 532
North Michelle, MA 69378",Y,hours
809,Joan Waller,223-28-8769,"50707 Veronica Stream
Gilbertchester, OH 93981",N,miles
810,Louis Allen,887-35-7758,"3937 Thomas Glens Apt. 075
Joshuaview, SC 10205",N,hours
811,Brenda Steele,465-49-4869,"21561 Robert Brooks
North Joshua, KY 38697",N,miles
812,Brian Carroll,043-85-6536,"471 Smith Haven Apt. 499
Littleside, AZ 36247",N,hours
813,Ryan Murray,164-67-4150,"612 Fernandez Walk Apt. 903
Port Debra, TN 58731",N,hours
814,Taylor Richards,074-42-0149,"94811 Isaiah Wall Apt. 204
North Timothy, MP 08205",N,miles
815,Jennifer Alexander,247-54-6354,"113 Mary Courts Suite 747
Butlerfurt, WA 93006",Y,hours
816,Zachary Serrano,227-78-9984,"712 Richard Square
Lake Kevinburgh, IN 56280",N,hours
817,Michael Livingston,285-93-7150,"321 Nichols Passage
West Joanna, OR 46294",Y,hours
818,Megan Hill,278-58-1462,"5090 Sarah Stream Apt. 173
Savagetown, RI 32088",Y,miles
819,Edward Quinn,587-87-5605,"34288 Collier Junctions
Port Alanburgh, NV 88057",Y,miles
820,Jacqueline Williams,867-18-2334,"109 Beasley Hollow
West Andrewborough, SD 35992",Y,miles
821,Jennifer Walton,638-60-7771,"2530 Nicholas Vista Suite 505
Pittmanland, VA 94350",Y,hours
822,Michael Martin,026-24-3331,"836 Wheeler Alley
Michaelview, OR 36820",N,hours
823,Matthew Cochran,044-48-1815,"94761 Rhodes Groves
South Williamfurt, VA 17291",Y,miles
824,Lindsey Fowler,412-45-6847,"874 Martinez Isle Apt. 620
Sandersmouth, MI 01772",Y,miles
825,Mark Richards,618-71-3635,"3206 Brennan Coves Apt. 943
North Brianaton, MN 76594",N,hours
826,John Summers,202-14-4546,"323 Mary Trace
Johnsonhaven, WI 84817",N,hours
827,Scott Anderson,145-95-9253,"3421 Chad Square
South Moniquefort, TX 42746",N,miles
828,Mary Hall,221-73-9617,"59239 Emily Plaza Apt. 594
North Alec, NY 61084",Y,hours
829,Cameron Zamora,801-31-1611,"621 Rebecca Ranch Suite 778
New Jason, PW 41332",Y,hours
830,Lisa Duncan,763-87-7359,"52430 Fitzgerald Loaf Suite 196
Lake Jorgemouth, MD 61308",N,miles
831,Emily Yang,196-55-4353,"5462 Lacey Street Suite 732
Lake Josephchester, CA 17969",Y,hours
832,Kimberly Johnson,030-42-6150,"52242 Rodriguez Unions
Nelsonstad, AZ 82956",N,hours
833,Tammy Carrillo,352-53-9246,"Unit 0751 Box 6346
DPO AA 97791",N,miles
834,Heidi Trujillo,473-26-1605,"662 Brenda Inlet
East Paul, NV 46219",Y,hours
835,Allison Alvarado,390-56-2952,"87284 Martin Divide Apt. 516
Nataliemouth, OK 31498",N,hours
836,Jason Soto,007-44-9908,"7791 Torres Corners Suite 698
Davidville, MD 39954",N,miles
837,Michael Cunningham,667-19-0573,"21652 Michele Port
Phillipsmouth, PW 95254",N,miles
838,Linda Carter,366-53-4368,"726 Brown Valleys Suite 683
West Jamesmouth, SC 80392",Y,miles
839,Nathan Fuentes,388-80-3542,"PSC 7708, Box 8739
APO AP 58222",N,hours
840,James Jones,320-89-6226,"51121 Wright Manor
South Amandabury, MO 12944",N,hours
841,Robert Simpson,551-01-8255,"27373 John Mountains Apt. 077
Lake Donald, DE 12107",N,hours
842,Faith Carroll,385-72-5444,"20955 Ward Expressway Suite 441
East Angelicamouth, IN 37560",Y,hours
843,Austin Skinner,253-40-5909,"23239 Torres Corners
Huynhchester, VT 46868",N,hours
844,Marissa Roberts DVM,239-82-0382,"5810 Thomas Key Suite 988
Sharpfort, ND 67054",N,miles
845,Kaylee Walker,701-43-1620,"209 Hernandez Village
West Mary, WA 21085",N,miles
846,Mr. Jesus Wood,495-77-0624,"25965 Nicole Mountains Apt. 425
Loriberg, FL 53809",N,hours
847,Jill Carter,693-79-5377,"562 Robbins Station
South Paul, CA 21719",Y,hours
848,Kevin Ramos,812-22-9511,"6579 Chapman Wells Suite 039
West Beth, DC 82795",Y,miles
849,Crystal Jones,865-34-8645,"366 Pena Course Apt. 341
Frazierberg, KY 76626",N,miles
850,Robin Bell,378-06-5034,"675 Margaret Point Suite 109
South Matthew, WA 32396",Y,hours
851,Steven Lambert,221-64-6566,"14165 Nguyen Road Apt. 043
New Laurastad, PA 20462",N,hours
852,Brittany Munoz,461-56-7384,"32890 Jennifer Court
South Raymondside, NE 76544",N,hours
853,Elizabeth Barajas,668-64-2174,"961 Daniel Avenue Apt. 197
Anthonybury, NH 14776",Y,miles
854,Luis Terry,808-50-1570,"Unit 9788 Box 4840
DPO AE 08357",N,hours
855,Brandon Ruiz,077-09-2579,"577 Stone Highway
North Amyton, AS 27467",Y,miles
856,David Chavez PhD,529-87-2794,"5885 Willie Route
Fletcherview, IA 38842",N,hours
857,Cindy Young,226-95-9213,"26271 Hall Motorway Suite 977
West Tracyland, TX 46683",Y,hours
858,Michael Olson,395-28-6246,"368 Crystal Heights
Pattersonville, KS 81102",N,miles
859,Cheryl Acosta,462-56-5407,"552 Moore Terrace
Christianland, MP 12207",Y,hours
860,Charles West,825-59-4189,"65291 Justin Garden
New Jason, MA 16318",Y,hours
861,Latasha Stewart,261-62-1527,"78839 Scott Camp Apt. 016
North Jordan, DC 16891",Y,miles
862,Tommy Smith,438-18-7894,"86487 Lori Street
Victoriamouth, MP 50655",Y,hours
863,Angela Allen,237-85-2477,"213 Kevin Fields
Pollardbury, TX 35108",N,miles
864,Randy Grant,545-55-9352,"4016 Scott View Apt. 225
Evansview, MO 91556",Y,hours
865,Chad Smith,744-40-5777,"PSC 7705, Box 5068
APO AP 76284",N,miles
866,Susan Jenkins,195-85-8316,"7971 Thomas Unions
Ginafort, AZ 11111",Y,miles
867,Scott Ramirez,239-65-2440,"444 Jose Springs Apt. 257
Eatonhaven, ID 40741",N,miles
868,Mary Barajas,122-77-2462,"9504 James Course Suite 913
East Zachary, VI 48900",N,miles
869,Krista Patterson,295-86-9273,"75365 Rodney Garden Suite 575
East Josephchester, WV 58973",Y,hours
870,Jose Washington II,755-56-7346,"616 Heather Trace Suite 316
Mcdanielfurt, WI 31180",Y,hours
871,Robert Lawrence,768-06-9448,"6372 Sabrina Flat Apt. 819
Potterstad, ME 31397",N,miles
872,Sarah Houston,870-54-3048,"60826 Joseph Unions
Katiefurt, VA 14383",Y,hours
873,Dennis Meyers,823-73-0584,"57499 Samantha Brook
Wardstad, SD 29185",N,hours
874,William Hall,639-11-7386,"9310 Garrett Stream
Morganborough, IL 73544",N,miles
875,Connie Thompson,141-08-9439,"8912 John Squares
Andersonville, MA 15742",Y,hours
876,Kayla Jacobs,639-31-7527,"69631 Campbell Ports
New Joseph, CT 26790",N,hours
877,Alan Johnson,839-58-2177,"585 Laura Lake Suite 305
Kristinberg, MH 95965",N,miles
878,Philip Garcia,030-65-4357,"8898 Shawn Locks
Lake Scott, TX 31942",Y,hours
879,David Griffin,860-30-9005,"9569 Benjamin Parkways
Lake Michaelborough, CO 20468",Y,miles
880,James Thomas,004-30-9756,"PSC 0107, Box 2216
APO AE 49852",Y,hours
881,Ronald Richard PhD,395-87-1068,"822 Jennifer Path
Port Josephburgh, NC 59087",N,miles
882,Andrea Perez,711-89-4377,"0112 Mark Road Apt. 941
Parsonsmouth, MN 40892",Y,miles
883,Courtney Green,187-66-1251,"Unit 6121 Box 5973
DPO AA 51886",Y,hours
884,Morgan Campbell,826-59-4867,"800 Reginald Trail
New Jeffrey, KY 68081",Y,miles
885,Dana Rice,530-51-2218,"69031 Courtney Cape
Margaretfurt, MT 16886",Y,miles
886,Matthew Marshall,810-47-9056,"63080 Brandon Rapid
Johnsonmouth, MN 88468",N,hours
887,Michael Johnson,038-10-2165,"USCGC Acosta
FPO AA 37226",N,hours
888,Richard Fuentes,726-89-1489,"673 Allen Inlet Suite 037
Lisabury, GU 80917",N,miles
889,Antonio Butler,443-99-1021,"366 Andre Corners Suite 104
Port Ianburgh, KS 23402",Y,hours
890,Richard Bell,069-51-1857,"8506 Michael Run
Lake Amy, AK 35183",Y,hours
891,Linda Phillips,331-47-8800,"078 Thomas Highway Suite 403
Barnettmouth, OR 32871",N,miles
892,Jennifer Scott,645-16-9070,"696 Taylor Pike Apt. 236
Lake Sara, NV 64027",N,hours
893,Heather Yoder,672-38-5309,"791 Hartman Ferry
New Christopherland, ND 36365",N,hours
894,Samuel Allison,282-75-2368,"87757 Emily Plains
West Michele, OH 46067",N,miles
895,Yolanda Johnson,265-03-2879,"128 Potts Fords Suite 411
Crystalhaven, CO 49402",N,miles
896,Lisa Keller,449-50-8369,"2174 Alan Expressway
South Karen, MP 83423",Y,miles
897,Troy Hayes,796-85-8413,"82585 Landry Pike
Lake Catherine, NM 20758",Y,hours
898,Christopher Sexton,447-38-3127,"9051 Michael Forge
Markshire, CT 56465",Y,miles
899,Jennifer King,114-65-7780,"633 Sims Way
East Matthew, SD 99881",N,miles
900,Zoe King,402-04-3902,"720 Lucas Locks Apt. 590
Port Ryanchester, NM 05074",Y,miles
901,Kevin Riley,033-76-1402,"2309 Mcdonald Haven Apt. 121
Leeview, HI 33572",Y,miles
902,Raymond Hinton,451-50-8935,"USNS Vargas
FPO AA 25751",N,hours
903,Nicole Lee,834-44-0496,"8844 Patel Meadow Suite 217
Lake Dawn, TN 01064",Y,miles
904,Mark Bowman,621-82-0646,"1733 Livingston Burgs Apt. 861
Clarkeburgh, GA 54660",Y,miles
905,Jason Thomas,503-47-2723,"6939 Smith Club
New Ginabury, MT 89725",Y,hours
906,Phillip Navarro,821-06-3331,"31818 Nathan Lock
Cameronfort, VA 22467",Y,miles
907,Fernando Walker,625-78-7451,"USNV Taylor
FPO AA 14776",N,hours
908,Douglas Martin,250-05-7841,"93123 Johnson View Suite 420
Cynthiaberg, NV 46859",Y,hours
909,Jamie Berry,585-76-3673,"4554 Williams Stravenue Apt. 701
Port Stephanieview, VA 58219",N,miles
910,Gregory Thomas,278-40-4678,"Unit 4576 Box 9462
DPO AA 24404",Y,hours
911,Corey Orozco,131-03-1549,"7124 Jose Plaza
Lake Christie, AS 13857",Y,miles
912,Steven Diaz MD,426-96-0170,"8413 Mason Via
Port Dominique, WY 88625",Y,hours
913,John Murphy,704-51-8840,"Unit 2060 Box 2127
DPO AP 84347",N,miles
914,Karen Castaneda,633-12-1108,"95172 Mclean Cliffs Apt. 023
Lake Richardchester, MT 74924",Y,miles
915,Jennifer Parker,075-33-5178,"8428 Robinson Creek
Connorview, OR 77671",Y,hours
916,Sarah Wilson,289-67-6646,"0141 Jody Crest Suite 693
New Elizabeth, NM 80029",Y,hours
917,Shannon Rodriguez,701-72-5366,"68063 Christina Lights
West Jasonville, PR 49021",N,hours
918,Brian King,175-04-4485,"23526 Diane Village Suite 206
Clarkberg, ND 72736",Y,miles
919,Hannah Young,591-79-0169,"764 Smith Mountain
Christopherport, DE 83510",Y,miles
920,Daniel Oneal,016-69-0551,"PSC 5229, Box 8221
APO AP 04202",N,hours
921,Angel Chen,594-28-5144,"345 Williams Orchard
New Danielle, MP 50095",Y,miles
922,Joshua Morgan,326-99-0336,"PSC 2183, Box 4165
APO AA 54506",Y,hours
923,Julie Crawford,127-35-5636,"5527 Williamson Mews
Lake Paigemouth, IA 43620",N,hours
924,Joseph Tran,655-39-1536,"5662 Laura Station
Jennashire, MS 49171",Y,hours
925,Andrea Thomas,442-45-1728,"5773 Angela Overpass
Jeanetteton, WY 31334",N,miles
926,Mark Bass,684-66-2466,"0603 Jennifer Rue
Port Mark, RI 12702",Y,hours
927,Christine Smith,874-65-1797,"14598 Patrick Crest
Davidport, VI 53354",Y,hours
928,Cody Reyes,463-21-4563,"012 Collins Hollow
Lauraborough, VT 21738",Y,hours
929,Jim Salazar,120-60-7107,"2471 Jesus Route Suite 425
New Michael, IA 47704",Y,miles
930,Meghan Burns,142-38-0986,"52026 Christopher Brooks
Juliehaven, AR 23518",N,hours
931,Linda Logan,221-85-9798,"6222 Tyler Valley Suite 142
Christopherfurt, PR 46646",Y,hours
932,Alison Mclaughlin,724-38-2001,"87117 Anthony Brooks Suite 127
Jonesburgh, PA 74736",Y,miles
933,Todd Torres,319-23-6665,"4177 Rose Corner Apt. 155
South Sandraton, OK 97025",N,miles
934,Stephen Hall,506-73-5943,"763 Adrian Grove Suite 772
Port Madelinemouth, VI 96257",N,miles
935,Robert Stafford,523-13-8753,"7144 Tanner Knoll
Cookborough, ND 09141",N,miles
936,Matthew Brown,637-86-5093,"97737 Olson Light Suite 183
Antonioshire, MS 57794",N,miles
937,Mr. Dennis Chambers,840-93-4725,"6797 Mark Springs
Port Matthewside, WY 41771",N,hours
938,Billy Brady,863-88-4778,"30656 Cooley Islands Apt. 353
Wrightview, UT 40062",N,miles
939,Edwin Williamson,698-76-1901,"0965 Jaime Harbors Suite 574
South Sophia, MO 20431",N,miles
940,Catherine Gutierrez,038-81-1332,"55117 Lindsey Isle Apt. 301
West Jasontown, VA 50751",N,hours
941,Lori Hayes,768-34-8884,"80563 Little Cliff Suite 758
Cohenstad, CT 50579",Y,hours
942,Scott Greene,751-42-9100,"Unit 8616 Box 7272
DPO AP 14463",Y,miles
943,Renee Salazar DVM,024-40-8876,"4082 Justin Radial
Kennethfurt, FL 14841",N,hours
944,Natasha Miles,445-38-0989,"97563 Aaron Common Apt. 059
Duncanside, MP 62935",Y,miles
945,Eileen Barajas,887-33-1835,"1175 Caroline Passage
Martinezburgh, IA 61539",Y,miles
946,Mikayla Mccann,382-71-1335,"027 Berger Loop Apt. 107
North Louishaven, ME 53757",N,hours
947,Lawrence Miller,810-83-2290,"PSC 5016, Box 4282
APO AE 23324",N,hours
948,Pamela Jackson,742-66-8241,"3528 Brown Knoll
Stacyburgh, FM 62331",N,miles
949,Roberto Oliver,590-68-7692,"182 Liu Walk
Lake Paul, NV 34003",N,miles
950,Anthony Mason,692-60-2577,"253 Brandon Forges
Justinhaven, GU 76227",N,miles
951,Christina Hall,556-47-0419,"4262 Richard Stream
Traceyshire, DC 31603",N,hours
952,Ronald Douglas,451-21-1459,"9082 Patricia Crossing Apt. 415
Lake Nichole, WV 60033",N,hours
953,Douglas Olson,764-86-4018,"592 Timothy Junction
Madisonburgh, MP 19000",N,hours
954,Frank Davis,820-96-7181,"3967 Richardson Fork
Kimberlybury, NV 36424",Y,miles
955,Matthew Rivera,225-80-8973,"3324 Elizabeth Meadow Apt. 110
East Jennifer, TN 52641",Y,miles
956,Patricia Mcconnell,088-54-4665,"6047 Henry Glens Suite 150
East Karenview, PR 46337",N,hours
957,Willie Santiago,208-07-5321,"14183 Kathryn Haven Apt. 110
Griffinhaven, MH 06651",Y,hours
958,John Heath,815-16-9613,"7797 Emily Camp
Lake Jennifer, AZ 56530",N,hours
959,Joseph Brock,614-64-0163,"2296 Brian Pass Apt. 632
East Lori, VI 65115",N,miles
960,Stephanie Lee,334-33-8130,"9522 Juan Branch Apt. 891
Rebeccaton, CT 32675",Y,hours
961,Sean Durham,039-07-4229,"PSC 8631, Box 2064
APO AP 28253",N,hours
962,Vanessa Weber,243-61-4414,"43074 Johnson Rest Apt. 797
Burtonton, LA 77373",N,miles
963,Paul Jacobs,560-79-4968,"393 Davis Mission Apt. 443
Lake Spencer, MH 62004",N,hours
964,Meghan Sheppard,305-20-9794,"064 Fowler Way Apt. 277
Wilkinston, MT 75754",N,miles
965,Aaron Thompson,386-83-5294,"79286 Mallory Flats
Johnnyborough, UT 08965",N,hours
966,Ruth Fisher,090-88-3737,"PSC 5506, Box 4459
APO AP 38598",N,miles
967,Kelly Brown,869-50-6339,"0067 Jessica Route
Martinezhaven, PW 44459",N,hours
968,Samuel Webster,461-54-4293,"74353 Pamela Locks
Hensonfort, HI 40269",N,hours
969,Eric Fuller,789-74-7752,"3384 Stevens Glens Suite 113
North Jessica, NC 35725",N,hours
970,Kathleen Mcdowell,765-75-8916,"8741 Leonard Station
Wangtown, WY 25154",Y,miles
971,Amy Obrien,318-01-4922,"94649 Charles Pine Apt. 329
North Caitlinton, MO 60781",Y,miles
972,Martin Williams,787-15-2342,"979 Oscar Crossing Suite 991
Mitchellville, NH 94125",Y,miles
973,Mallory Salazar,744-72-2984,"PSC 8035, Box 2887
APO AA 65342",Y,hours
974,Maureen Roberts,691-18-2053,"117 Rebecca Highway
Jackieberg, AL 07010",N,hours
975,Carlos Turner,376-26-1645,"USCGC Owens
FPO AA 41156",N,hours
976,Jesse Perez,434-57-7197,"4747 Mary Ville Suite 358
New James, CO 87838",Y,hours
977,Kristen Miller,824-14-7003,"59714 David Harbors Suite 710
Carterbury, NM 92121",N,miles
978,Michael Clark,107-36-5378,"40164 Kayla Stravenue
Whitebury, HI 01664",Y,hours
979,Darlene Nelson,273-96-8196,"565 Logan Ridge
East Michaelview, NY 63850",N,hours
980,Kim Lopez,066-58-6590,"31611 Turner Street Apt. 961
Pricehaven, KY 74568",N,miles
981,Mr. Scott Peters,479-83-0671,"158 Lindsay Cliff
South Philip, VT 69917",Y,hours
982,Ryan Thomas,737-54-8064,"2436 Ford Island
Garciaport, WA 48512",N,miles
983,Cassidy Mcgee,178-35-7365,"9383 John Isle
Juanburgh, NH 73642",Y,miles
984,Dr. Lauren Li DDS,166-88-9930,"9133 Chapman Glen Suite 355
Leeborough, DC 04822",Y,miles
985,Bobby Mitchell,853-34-7548,"12655 Shawn Islands Suite 717
Barrettfurt, MH 72760",Y,miles
986,Marie Rodriguez,847-11-4790,"85192 Kimberly Mountains Apt. 338
South Candace, IN 45270",N,hours
987,Brandon Roberts,438-09-5233,"9859 Thompson Key
Allenport, SD 38179",Y,miles
988,Terri Bowers,713-22-6519,"95535 Cook Lock
Kingview, NY 67928",N,hours
989,George Martin,699-45-7565,"624 Christopher Hill
Lake Tiffanystad, CA 95078",N,hours
990,Patricia Greer,065-39-5204,"920 Katie Tunnel
Smithland, MA 57387",Y,miles
991,Emily Williams,395-89-4178,"90073 Roy Ridge
Mirandatown, MN 40862",N,hours
992,Amy Smith,019-56-0535,"49589 Justin Shore Apt. 995
Justinchester, IL 55756",N,hours
993,Hayley Sutton,724-33-3404,"694 Michelle Cape Suite 403
Peterberg, MT 84967",Y,miles
994,Kara Paul,509-83-4132,"104 Bowman Harbor Suite 756
South Monica, ID 97132",Y,miles
995,Jeremy Moore,743-44-1020,"843 Pruitt Crossroad
Mccoyberg, VT 87398",N,hours
996,Candice Graves,524-90-0231,"07899 Schultz Road Suite 560
Rojasberg, KS 02371",N,miles
997,Mary Anderson,284-74-5900,"856 Robert Centers
Lake Katherine, KY 42484",N,miles
998,Robert Moreno,753-04-8882,"671 Roberts Mill
Davidfurt, AK 60818",Y,miles
999,Kimberly Bell,775-41-2859,"37322 Danielle Estate
Charleneview, NH 52220",N,miles
1000,Christina Smith,749-44-1753,"0476 Roberson Ville
New Peggyshire, WI 56244",Y,miles
1001,Danielle Bailey,130-72-4351,"369 Elizabeth Junctions
West Diane, SC 50324",N,miles
1002,Kristina Duncan,852-20-7259,"18276 Christina Road
North Andrew, NH 33675",Y,miles
1003,Kathy Lane,756-38-7340,"17170 Adam Spurs Apt. 391
Guzmanton, FL 20427",Y,hours
1004,Carolyn Miles,125-81-3117,"58235 Angela Summit Apt. 106
North Williamville, OR 92677",N,hours
1005,Sydney Leblanc,110-03-0732,"815 Marshall Coves Apt. 568
Michaelside, DE 18859",N,miles
1006,Selena Wood,281-44-0208,"5200 Rose Route
Codyhaven, MD 62319",N,hours
1007,Emily Ayala,107-62-3691,"53074 Jack Glens
Lake Tanyatown, AR 72665",N,miles
1008,Anthony Turner,396-84-6257,"122 Mallory Burgs
South Robertbury, DC 05195",Y,hours
1009,Rachel Kelly MD,401-03-6443,"35692 Robert Valleys
South Nicholas, MH 77034",Y,miles
